[
    {
        "codename": "PROJECT ALPHA AIBUDGETHACKER",
        "teaser_title": "Generates $93/mo",
        "teaser_description": "Automated AIBudgetHacker bot that leverages market inefficiencies.",
        "price": 780.0,
        "category": "Python",
        "real_title": "AIBudgetHacker",
        "full_description": "Full source code for AIBudgetHacker. Includes backend, frontend, and deployment instructions. Evaluated complexity score: 9294 bytes.",
        "download_link": "https://www.dropbox.com/scl/fo/f85j9efeb2s5kuvlo8xld/ADn0yQR8Oa0UHhRMKMCKYKk?rlkey=pahziljx7xtzx5zqgu7m67rb4&st=12bz07ws&dl=0",
        "blurred_image_url": "/static/images/project_alpha_aibudgethacker_blurred.jpg",
        "real_image_url": "/static/images/project_alpha_aibudgethacker_real.jpg"
    },
    {
        "codename": "PROJECT BRAVO AICASHCOACH",
        "teaser_title": "Generates $94/mo",
        "teaser_description": "Automated AICashCoach bot that leverages market inefficiencies.",
        "price": 790.0,
        "category": "Python",
        "real_title": "AICashCoach",
        "full_description": "Full source code for AICashCoach. Includes backend, frontend, and deployment instructions. Evaluated complexity score: 9308 bytes.",
        "download_link": "https://www.dropbox.com/scl/fo/u5mwmrhoxtj2t5ae9posg/AAF-RCjHMn1KZmSooOGANx4?rlkey=n5tpuz9dtaqyugq3sq9l8lv0x&st=lrrvrkj8&dl=0",
        "blurred_image_url": "/static/images/project_bravo_aicashcoach_blurred.jpg",
        "real_image_url": "/static/images/project_bravo_aicashcoach_real.jpg"
    },
    {
        "codename": "PROJECT CHARLIE AIDECISIONPARTNER",
        "teaser_title": "Generates $156/mo",
        "teaser_description": "Automated AIDecisionPartner bot that leverages market inefficiencies.",
        "price": 1300.0,
        "category": "Python",
        "real_title": "AIDecisionPartner",
        "full_description": "Full source code for AIDecisionPartner. Includes backend, frontend, and deployment instructions. Evaluated complexity score: 10227 bytes.",
        "download_link": "https://www.dropbox.com/scl/fo/koqemrewbc85tdmh62suf/ACvRUeax44EUYgaQewqWZBs?rlkey=prnv2iyu0ctqidtjhvdvwtxlv&st=pfp5tejs&dl=0",
        "blurred_image_url": "/static/images/project_charlie_aidecisionpartner_blurred.jpg",
        "real_image_url": "/static/images/project_charlie_aidecisionpartner_real.jpg"
    },
    {
        "codename": "PROJECT DELTA AIHUSTLEGENERATOR",
        "teaser_title": "Generates $138/mo",
        "teaser_description": "Automated AIHustleGenerator bot that leverages market inefficiencies.",
        "price": 1150.0,
        "category": "Python",
        "real_title": "AIHustleGenerator",
        "full_description": "Full source code for AIHustleGenerator. Includes backend, frontend, and deployment instructions. Evaluated complexity score: 9958 bytes.",
        "download_link": "https://www.dropbox.com/scl/fo/157dclpxebyjrgqlnwlr2/AGh9KIypDYrUySeV7_Csuvw?rlkey=c25rk9gweutrgp6xc3rb0hwk2&st=ymkrmv8l&dl=0",
        "blurred_image_url": "/static/images/project_delta_aihustlegenerator_blurred.jpg",
        "real_image_url": "/static/images/project_delta_aihustlegenerator_real.jpg"
    },
    {
        "codename": "PROJECT ECHO AIRISKGUARD",
        "teaser_title": "Generates $146/mo",
        "teaser_description": "Automated AIRiskGuard bot that leverages market inefficiencies.",
        "price": 1220.0,
        "category": "Python",
        "real_title": "AIRiskGuard",
        "full_description": "Full source code for AIRiskGuard. Includes backend, frontend, and deployment instructions. Evaluated complexity score: 10085 bytes.",
        "download_link": "https://www.dropbox.com/scl/fo/9nksuvalugeuz0lxy4zzj/ABjmLxrRd1USNpLwLu4L5mc?rlkey=vgjsn9eavpnrb3p1mmw1xygk9&st=s866nb7w&dl=0",
        "blurred_image_url": "/static/images/project_echo_airiskguard_blurred.jpg",
        "real_image_url": "/static/images/project_echo_airiskguard_real.jpg"
    },
    {
        "codename": "PROJECT FOXTROT AUTOINCOMEAI",
        "teaser_title": "Generates $133/mo",
        "teaser_description": "Automated AutoIncomeAI bot that leverages market inefficiencies.",
        "price": 1110.0,
        "category": "Python",
        "real_title": "AutoIncomeAI",
        "full_description": "Full source code for AutoIncomeAI. Includes backend, frontend, and deployment instructions. Evaluated complexity score: 9877 bytes.",
        "download_link": "https://www.dropbox.com/scl/fo/81c7gng4dods5elp8qodx/AAkCGrgbzcZxYFkwoz8_HHU?rlkey=dwgauwjrzk2brkbjv05ifg1hj&st=fo9puq49&dl=0",
        "blurred_image_url": "/static/images/project_foxtrot_autoincomeai_blurred.jpg",
        "real_image_url": "/static/images/project_foxtrot_autoincomeai_real.jpg"
    },
    {
        "codename": "PROJECT GOLF BURNOUTSHIELD",
        "teaser_title": "Generates $123/mo",
        "teaser_description": "Automated BurnoutShield bot that leverages market inefficiencies.",
        "price": 1030.0,
        "category": "Python",
        "real_title": "BurnoutShield",
        "full_description": "Full source code for BurnoutShield. Includes backend, frontend, and deployment instructions. Evaluated complexity score: 9735 bytes.",
        "download_link": "https://www.dropbox.com/scl/fo/ko46j58j69iu150xdwloe/ADjuKSoC1QaooaQSzJp4alM?rlkey=kw7bkj8mlzvmfnukxxpkf50nm&st=a9r4heko&dl=0",
        "blurred_image_url": "/static/images/project_golf_burnoutshield_blurred.jpg",
        "real_image_url": "/static/images/project_golf_burnoutshield_real.jpg"
    },
    {
        "codename": "PROJECT HOTEL CASHADAPT",
        "teaser_title": "Generates $97/mo",
        "teaser_description": "Automated CashAdapt bot that leverages market inefficiencies.",
        "price": 810.0,
        "category": "Python",
        "real_title": "CashAdapt",
        "full_description": "Full source code for CashAdapt. Includes backend, frontend, and deployment instructions. Evaluated complexity score: 9359 bytes.",
        "download_link": "https://www.dropbox.com/scl/fo/6dwc8t0v0d5m9206zyog2/AHqpwfvrJHEAwa4MPabszhU?rlkey=ayyttuk1d2j25svmqm07a0qon&st=bbf7v8n2&dl=0",
        "blurred_image_url": "/static/images/project_hotel_cashadapt_blurred.jpg",
        "real_image_url": "/static/images/project_hotel_cashadapt_real.jpg"
    },
    {
        "codename": "PROJECT INDIA CASHDISCIPLINETRACKER",
        "teaser_title": "Generates $61/mo",
        "teaser_description": "Automated CashDisciplineTracker bot that leverages market inefficiencies.",
        "price": 510.0,
        "category": "Python",
        "real_title": "CashDisciplineTracker",
        "full_description": "Full source code for CashDisciplineTracker. Includes backend, frontend, and deployment instructions. Evaluated complexity score: 8823 bytes.",
        "download_link": "https://www.dropbox.com/scl/fo/s1wzajaqatmyhl5lntsqf/ANPAU7Zr7YTgDEgx6pTyoD4?rlkey=j5aya1yel68kk9c5vf6m79mdr&st=08lj348l&dl=0",
        "blurred_image_url": "/static/images/project_india_cashdisciplinetracker_blurred.jpg",
        "real_image_url": "/static/images/project_india_cashdisciplinetracker_real.jpg"
    },
    {
        "codename": "PROJECT JULIETT CASHFLOWDOCTOR",
        "teaser_title": "Generates $176/mo",
        "teaser_description": "Automated CashFlowDoctor bot that leverages market inefficiencies.",
        "price": 1470.0,
        "category": "Python",
        "real_title": "CashFlowDoctor",
        "full_description": "Full source code for CashFlowDoctor. Includes backend, frontend, and deployment instructions. Evaluated complexity score: 10523 bytes.",
        "download_link": "https://www.dropbox.com/scl/fo/pwss78xja3o25muyqvfou/ANQBOyN8TJHiZ4_Y_BP9JPs?rlkey=qx0xw6joogn3axc79z492j62e&st=kkcl5vsb&dl=0",
        "blurred_image_url": "/static/images/project_juliett_cashflowdoctor_blurred.jpg",
        "real_image_url": "/static/images/project_juliett_cashflowdoctor_real.jpg"
    },
    {
        "codename": "PROJECT KILO CASHMENTALITYBUILDER",
        "teaser_title": "Generates $76/mo",
        "teaser_description": "Automated CashMentalityBuilder bot that leverages market inefficiencies.",
        "price": 640.0,
        "category": "Python",
        "real_title": "CashMentalityBuilder",
        "full_description": "Full source code for CashMentalityBuilder. Includes backend, frontend, and deployment instructions. Evaluated complexity score: 9045 bytes.",
        "download_link": "https://www.dropbox.com/scl/fo/2bkqyn13fwnqje1slakk6/AH0lRoySHt85v6MfIrtdUDk?rlkey=2ss7cmdwwhmqk0izqlrpiwisi&st=6jvi1qq5&dl=0",
        "blurred_image_url": "/static/images/project_kilo_cashmentalitybuilder_blurred.jpg",
        "real_image_url": "/static/images/project_kilo_cashmentalitybuilder_real.jpg"
    },
    {
        "codename": "PROJECT LIMA CASHMIRROR",
        "teaser_title": "Generates $1200/mo",
        "teaser_description": "Automated CashMirror bot that leverages market inefficiencies.",
        "price": 10000.0,
        "category": "Python",
        "real_title": "CashMirror",
        "full_description": "Full source code for CashMirror. Includes backend, frontend, and deployment instructions. Evaluated complexity score: 25615 bytes.",
        "download_link": "https://www.dropbox.com/scl/fo/5lcrre9cxoez69levuhum/AIT4NSjNKXbocqHPfTPgY3o?rlkey=0r315y6rp2c20xeb4stu5jokl&st=ehy9esn0&dl=0",
        "blurred_image_url": "/static/images/project_lima_cashmirror_blurred.jpg",
        "real_image_url": "/static/images/project_lima_cashmirror_real.jpg"
    },
    {
        "codename": "PROJECT MIKE CASHPREDICTOR",
        "teaser_title": "Generates $104/mo",
        "teaser_description": "Automated CashPredictor bot that leverages market inefficiencies.",
        "price": 870.0,
        "category": "Python",
        "real_title": "CashPredictor",
        "full_description": "Full source code for CashPredictor. Includes backend, frontend, and deployment instructions. Evaluated complexity score: 9466 bytes.",
        "download_link": "https://www.dropbox.com/scl/fo/i9wrou0ur398l8xtsrw5u/APtG-m4xDs5w1dOTBG2GuAg?rlkey=lgje7n0pnlmlnetf1hlvgdr1e&st=ioydudal&dl=0",
        "blurred_image_url": "/static/images/project_mike_cashpredictor_blurred.jpg",
        "real_image_url": "/static/images/project_mike_cashpredictor_real.jpg"
    },
    {
        "codename": "PROJECT NOVEMBER CASHREALITY",
        "teaser_title": "Generates $116/mo",
        "teaser_description": "Automated CashReality bot that leverages market inefficiencies.",
        "price": 970.0,
        "category": "Python",
        "real_title": "CashReality",
        "full_description": "Full source code for CashReality. Includes backend, frontend, and deployment instructions. Evaluated complexity score: 9637 bytes.",
        "download_link": "https://www.dropbox.com/scl/fo/09j6086uihxq3zzil32vv/APCMobI1B6w70KfSj2_PIjY?rlkey=ki58kqkh2ge1lrefxt8jk3m91&st=v6n1icqn&dl=0",
        "blurred_image_url": "/static/images/project_november_cashreality_blurred.jpg",
        "real_image_url": "/static/images/project_november_cashreality_real.jpg"
    },
    {
        "codename": "PROJECT OSCAR CASHROUTE",
        "teaser_title": "Generates $108/mo",
        "teaser_description": "Automated CashRoute bot that leverages market inefficiencies.",
        "price": 900.0,
        "category": "Python",
        "real_title": "CashRoute",
        "full_description": "Full source code for CashRoute. Includes backend, frontend, and deployment instructions. Evaluated complexity score: 9507 bytes.",
        "download_link": "https://www.dropbox.com/scl/fo/t7px4syyxp2cnt13a2n7t/AJ6P0brRAJdPkkwmqrvNQT0?rlkey=ovmu23nfd3lkyp8x0s1jqzimh&st=47vk6lfu&dl=0",
        "blurred_image_url": "/static/images/project_oscar_cashroute_blurred.jpg",
        "real_image_url": "/static/images/project_oscar_cashroute_real.jpg"
    },
    {
        "codename": "PROJECT PAPA CASHVISIONBOARD",
        "teaser_title": "Generates $81/mo",
        "teaser_description": "Automated CashVisionBoard bot that leverages market inefficiencies.",
        "price": 680.0,
        "category": "Python",
        "real_title": "CashVisionBoard",
        "full_description": "Full source code for CashVisionBoard. Includes backend, frontend, and deployment instructions. Evaluated complexity score: 9117 bytes.",
        "download_link": "https://www.dropbox.com/scl/fo/ggc07jas8zw9u589e65ij/APz5_qRQSdpYWE5kc9mtcx4?rlkey=oxtydlq14ma2xwrnier1g6mo6&st=6jbg7n9c&dl=0",
        "blurred_image_url": "/static/images/project_papa_cashvisionboard_blurred.jpg",
        "real_image_url": "/static/images/project_papa_cashvisionboard_real.jpg"
    },
    {
        "codename": "PROJECT QUEBEC CLARITYPAY",
        "teaser_title": "Generates $147/mo",
        "teaser_description": "Automated ClarityPay bot that leverages market inefficiencies.",
        "price": 1230.0,
        "category": "Python",
        "real_title": "ClarityPay",
        "full_description": "Full source code for ClarityPay. Includes backend, frontend, and deployment instructions. Evaluated complexity score: 10093 bytes.",
        "download_link": "https://www.dropbox.com/scl/fo/tuwsc50chk31zvc0x7nty/AA1C7dGnBPElwlY1-bSFhds?rlkey=56uynihiqbcny0jwy9b3va49g&st=yb1rjilc&dl=0",
        "blurred_image_url": "/static/images/project_quebec_claritypay_blurred.jpg",
        "real_image_url": "/static/images/project_quebec_claritypay_real.jpg"
    },
    {
        "codename": "PROJECT ROMEO COGNITIVEPROFIT",
        "teaser_title": "Generates $90/mo",
        "teaser_description": "Automated CognitiveProfit bot that leverages market inefficiencies.",
        "price": 750.0,
        "category": "Python",
        "real_title": "CognitiveProfit",
        "full_description": "Full source code for CognitiveProfit. Includes backend, frontend, and deployment instructions. Evaluated complexity score: 9254 bytes.",
        "download_link": "https://www.dropbox.com/scl/fo/4cxmdd8lxkpw388th2o1b/ADiLIOnaCKb85A_iiUfdTNE?rlkey=9msppyh9ao7sa2ugl5rkho7m4&st=y2c8hiu9&dl=0",
        "blurred_image_url": "/static/images/project_romeo_cognitiveprofit_blurred.jpg",
        "real_image_url": "/static/images/project_romeo_cognitiveprofit_real.jpg"
    },
    {
        "codename": "PROJECT SIERRA DAILYINCOMELAB",
        "teaser_title": "Generates $109/mo",
        "teaser_description": "Automated DailyIncomeLab bot that leverages market inefficiencies.",
        "price": 910.0,
        "category": "Python",
        "real_title": "DailyIncomeLab",
        "full_description": "Full source code for DailyIncomeLab. Includes backend, frontend, and deployment instructions. Evaluated complexity score: 9525 bytes.",
        "download_link": "https://www.dropbox.com/scl/fo/evu7kre2nfnu2l2hp7z0b/ABc0QfUuyKyh7tpNwTP2rqw?rlkey=5bl7n2u4c8z0e3zhhvziafriw&st=szgs6hhl&dl=0",
        "blurred_image_url": "/static/images/project_sierra_dailyincomelab_blurred.jpg",
        "real_image_url": "/static/images/project_sierra_dailyincomelab_real.jpg"
    },
    {
        "codename": "PROJECT TANGO DAILYLEVERAGE",
        "teaser_title": "Generates $136/mo",
        "teaser_description": "Automated DailyLeverage bot that leverages market inefficiencies.",
        "price": 1140.0,
        "category": "Python",
        "real_title": "DailyLeverage",
        "full_description": "Full source code for DailyLeverage. Includes backend, frontend, and deployment instructions. Evaluated complexity score: 9940 bytes.",
        "download_link": "https://www.dropbox.com/scl/fo/i5ijfteu3sysczim5s35i/AGsiSqGWlgvMTH6yCz5qJVs?rlkey=ek236uj4qri85htshqwmzu7hv&st=vud78dzd&dl=0",
        "blurred_image_url": "/static/images/project_tango_dailyleverage_blurred.jpg",
        "real_image_url": "/static/images/project_tango_dailyleverage_real.jpg"
    },
    {
        "codename": "PROJECT UNIFORM DAILYPROFITACTIONS",
        "teaser_title": "Generates $106/mo",
        "teaser_description": "Automated DailyProfitActions bot that leverages market inefficiencies.",
        "price": 890.0,
        "category": "Python",
        "real_title": "DailyProfitActions",
        "full_description": "Full source code for DailyProfitActions. Includes backend, frontend, and deployment instructions. Evaluated complexity score: 9485 bytes.",
        "download_link": "https://www.dropbox.com/scl/fo/skbzqbklcl2m17er2qlts/ALrj5xp_xQKmPU-MkfXBYVY?rlkey=lkhpwln07o8qpfa0yvujklcv9&st=2b43y6nd&dl=0",
        "blurred_image_url": "/static/images/project_uniform_dailyprofitactions_blurred.jpg",
        "real_image_url": "/static/images/project_uniform_dailyprofitactions_real.jpg"
    },
    {
        "codename": "PROJECT VICTOR DAILYREVENUEPLANNER",
        "teaser_title": "Generates $72/mo",
        "teaser_description": "Automated DailyRevenuePlanner bot that leverages market inefficiencies.",
        "price": 600.0,
        "category": "Python",
        "real_title": "DailyRevenuePlanner",
        "full_description": "Full source code for DailyRevenuePlanner. Includes backend, frontend, and deployment instructions. Evaluated complexity score: 8980 bytes.",
        "download_link": "https://www.dropbox.com/scl/fo/5plcafgtl5bok2lkt7kty/AKy8f6O9ix-MHzPjKxAqWss?rlkey=jdahqkpkpcon9y4kwkcmvxc9m&st=jhlc2xke&dl=0",
        "blurred_image_url": "/static/images/project_victor_dailyrevenueplanner_blurred.jpg",
        "real_image_url": "/static/images/project_victor_dailyrevenueplanner_real.jpg"
    },
    {
        "codename": "PROJECT WHISKEY DAILYSALESBOOST",
        "teaser_title": "Generates $80/mo",
        "teaser_description": "Automated DailySalesBoost bot that leverages market inefficiencies.",
        "price": 670.0,
        "category": "Python",
        "real_title": "DailySalesBoost",
        "full_description": "Full source code for DailySalesBoost. Includes backend, frontend, and deployment instructions. Evaluated complexity score: 9098 bytes.",
        "download_link": "https://www.dropbox.com/scl/fo/1hbxb1mpzjg9qzdrivdgx/AOCYvs3krtPuIVGn0Cgbeoc?rlkey=a82pmws9ihkpvwtjw71nam7gz&st=e78koavt&dl=0",
        "blurred_image_url": "/static/images/project_whiskey_dailysalesboost_blurred.jpg",
        "real_image_url": "/static/images/project_whiskey_dailysalesboost_real.jpg"
    },
    {
        "codename": "PROJECT XRAY DAILYSPLIT",
        "teaser_title": "Generates $560/mo",
        "teaser_description": "Automated DailySplit bot that leverages market inefficiencies.",
        "price": 4670.0,
        "category": "Python",
        "real_title": "DailySplit",
        "full_description": "Full source code for DailySplit. Includes backend, frontend, and deployment instructions. Evaluated complexity score: 16186 bytes.",
        "download_link": "https://www.dropbox.com/scl/fo/k9v1l8azpzjarxrpqr0ce/AINSDE7IXQ40-4ncu9X4A8o?rlkey=nraxsr7iuq9vz5dt10rbaf73r&st=hk7c0xgv&dl=0",
        "blurred_image_url": "/static/images/project_xray_dailysplit_blurred.jpg",
        "real_image_url": "/static/images/project_xray_dailysplit_real.jpg"
    },
    {
        "codename": "PROJECT YANKEE DEBTESCAPE",
        "teaser_title": "Generates $165/mo",
        "teaser_description": "Automated DebtEscape bot that leverages market inefficiencies.",
        "price": 1380.0,
        "category": "Python",
        "real_title": "DebtEscape",
        "full_description": "Full source code for DebtEscape. Includes backend, frontend, and deployment instructions. Evaluated complexity score: 10352 bytes.",
        "download_link": "https://www.dropbox.com/scl/fo/4inua720s0r4iqr5sstr6/ACCmlEqHnaHP0WgDZA0xBnE?rlkey=xtnb39i10edciwp5447orjbb4&st=om5qgs4j&dl=0",
        "blurred_image_url": "/static/images/project_yankee_debtescape_blurred.jpg",
        "real_image_url": "/static/images/project_yankee_debtescape_real.jpg"
    },
    {
        "codename": "PROJECT ZULU DECISIONDETOX",
        "teaser_title": "Generates $81/mo",
        "teaser_description": "Automated DecisionDetox bot that leverages market inefficiencies.",
        "price": 680.0,
        "category": "Python",
        "real_title": "DecisionDetox",
        "full_description": "Full source code for DecisionDetox. Includes backend, frontend, and deployment instructions. Evaluated complexity score: 9115 bytes.",
        "download_link": "https://www.dropbox.com/scl/fo/g2iwub038uvovvlnhuj7y/AAUE0L_9wMAl0xsgB_CZ2d8?rlkey=53hltk7ij4a2fjpmk23p8mkag&st=5qj83i0l&dl=0",
        "blurred_image_url": "/static/images/project_zulu_decisiondetox_blurred.jpg",
        "real_image_url": "/static/images/project_zulu_decisiondetox_real.jpg"
    },
    {
        "codename": "PROJECT ALPHA DECISIONFATIGUEKILLER",
        "teaser_title": "Generates $145/mo",
        "teaser_description": "Automated DecisionFatigueKiller bot that leverages market inefficiencies.",
        "price": 1210.0,
        "category": "Python",
        "real_title": "DecisionFatigueKiller",
        "full_description": "Full source code for DecisionFatigueKiller. Includes backend, frontend, and deployment instructions. Evaluated complexity score: 10065 bytes.",
        "download_link": "https://www.dropbox.com/scl/fo/ic9ib6rn7icx4fxa7t62j/AIjrGR58iNBj0BiWlUg1PIo?rlkey=1k8x3tn1rex8dpqrt704hr16f&st=5fnjauxb&dl=0",
        "blurred_image_url": "/static/images/project_alpha_decisionfatiguekiller_blurred.jpg",
        "real_image_url": "/static/images/project_alpha_decisionfatiguekiller_real.jpg"
    },
    {
        "codename": "PROJECT BRAVO DECISIONFLOWAI",
        "teaser_title": "Generates $88/mo",
        "teaser_description": "Automated DecisionFlowAI bot that leverages market inefficiencies.",
        "price": 740.0,
        "category": "Python",
        "real_title": "DecisionFlowAI",
        "full_description": "Full source code for DecisionFlowAI. Includes backend, frontend, and deployment instructions. Evaluated complexity score: 9234 bytes.",
        "download_link": "https://www.dropbox.com/scl/fo/qdd0ck5tjstvfdlo5l61d/AH0S9DTHad5LT11thRYjr0g?rlkey=0xeoiwm1kamyr5lhf8a90ktjb&st=q8a3vdr4&dl=0",
        "blurred_image_url": "/static/images/project_bravo_decisionflowai_blurred.jpg",
        "real_image_url": "/static/images/project_bravo_decisionflowai_real.jpg"
    },
    {
        "codename": "PROJECT CHARLIE DECISIONROI",
        "teaser_title": "Generates $208/mo",
        "teaser_description": "Automated DecisionROI bot that leverages market inefficiencies.",
        "price": 1740.0,
        "category": "Python",
        "real_title": "DecisionROI",
        "full_description": "Full source code for DecisionROI. Includes backend, frontend, and deployment instructions. Evaluated complexity score: 11002 bytes.",
        "download_link": "https://www.dropbox.com/scl/fo/2rorrt4gj70ybulhu5d5c/ALTKVbuiQKYp8l-VjKZx5Zs?rlkey=spm6b25i063ljvx8c86cf4iqu&st=7zv4khsh&dl=0",
        "blurred_image_url": "/static/images/project_charlie_decisionroi_blurred.jpg",
        "real_image_url": "/static/images/project_charlie_decisionroi_real.jpg"
    },
    {
        "codename": "PROJECT DELTA DIGITALASSETTRACKER",
        "teaser_title": "Generates $94/mo",
        "teaser_description": "Automated DigitalAssetTracker bot that leverages market inefficiencies.",
        "price": 790.0,
        "category": "Python",
        "real_title": "DigitalAssetTracker",
        "full_description": "Full source code for DigitalAssetTracker. Includes backend, frontend, and deployment instructions. Evaluated complexity score: 9312 bytes.",
        "download_link": "https://www.dropbox.com/scl/fo/hn49lvalpqcvsnvre1gid/AMa3JURboavMI9WLmIPWUgA?rlkey=hu6efheg2e9jkytn60pcofdzk&st=o5pgjwmq&dl=0",
        "blurred_image_url": "/static/images/project_delta_digitalassettracker_blurred.jpg",
        "real_image_url": "/static/images/project_delta_digitalassettracker_real.jpg"
    },
    {
        "codename": "PROJECT ECHO EXECUTIONENGINE",
        "teaser_title": "Generates $126/mo",
        "teaser_description": "Automated ExecutionEngine bot that leverages market inefficiencies.",
        "price": 1050.0,
        "category": "Python",
        "real_title": "ExecutionEngine",
        "full_description": "Full source code for ExecutionEngine. Includes backend, frontend, and deployment instructions. Evaluated complexity score: 9778 bytes.",
        "download_link": "https://www.dropbox.com/scl/fo/6kkydjf3s41e6i5wevc8n/AJNik9_M1HLkbP1mSdnw8EM?rlkey=g4amuthfjwwf4vdojt3uiwoai&st=2sbxs4gu&dl=0",
        "blurred_image_url": "/static/images/project_echo_executionengine_blurred.jpg",
        "real_image_url": "/static/images/project_echo_executionengine_real.jpg"
    },
    {
        "codename": "PROJECT FOXTROT EXECUTIONSCORE",
        "teaser_title": "Generates $67/mo",
        "teaser_description": "Automated ExecutionScore bot that leverages market inefficiencies.",
        "price": 560.0,
        "category": "Python",
        "real_title": "ExecutionScore",
        "full_description": "Full source code for ExecutionScore. Includes backend, frontend, and deployment instructions. Evaluated complexity score: 8903 bytes.",
        "download_link": "https://www.dropbox.com/scl/fo/eh9wcra5xdffb1dimrhgk/AOYZl_2KC3ClVMxjKXK1O_0?rlkey=u8f5mh5ij8kerw23blklce1vf&st=ayh43xio&dl=0",
        "blurred_image_url": "/static/images/project_foxtrot_executionscore_blurred.jpg",
        "real_image_url": "/static/images/project_foxtrot_executionscore_real.jpg"
    },
    {
        "codename": "PROJECT GOLF EXECUTIONTRACKERPRO",
        "teaser_title": "Generates $96/mo",
        "teaser_description": "Automated ExecutionTrackerPro bot that leverages market inefficiencies.",
        "price": 800.0,
        "category": "Python",
        "real_title": "ExecutionTrackerPro",
        "full_description": "Full source code for ExecutionTrackerPro. Includes backend, frontend, and deployment instructions. Evaluated complexity score: 9335 bytes.",
        "download_link": "https://www.dropbox.com/scl/fo/t9g49mf3je3b0tw38y8dq/AJFj4FRtcBzXu1nxhskpbrw?rlkey=25pylt4rt5znyd3uw7z0l2ptf&st=bv6z1wu2&dl=0",
        "blurred_image_url": "/static/images/project_golf_executiontrackerpro_blurred.jpg",
        "real_image_url": "/static/images/project_golf_executiontrackerpro_real.jpg"
    },
    {
        "codename": "PROJECT HOTEL FAILURECOST",
        "teaser_title": "Generates $69/mo",
        "teaser_description": "Automated FailureCost bot that leverages market inefficiencies.",
        "price": 580.0,
        "category": "Python",
        "real_title": "FailureCost",
        "full_description": "Full source code for FailureCost. Includes backend, frontend, and deployment instructions. Evaluated complexity score: 8947 bytes.",
        "download_link": "https://www.dropbox.com/scl/fo/lnjeyjbbptrc2s0mmmd1q/AAGFhVypCbzgoh_bcK65dK8?rlkey=c4ov9rhm0pow93fus5zyzfzbb&st=rqsmdzft&dl=0",
        "blurred_image_url": "/static/images/project_hotel_failurecost_blurred.jpg",
        "real_image_url": "/static/images/project_hotel_failurecost_real.jpg"
    },
    {
        "codename": "PROJECT INDIA FASTDECISIONFRAMEWORK",
        "teaser_title": "Generates $78/mo",
        "teaser_description": "Automated FastDecisionFramework bot that leverages market inefficiencies.",
        "price": 650.0,
        "category": "Python",
        "real_title": "FastDecisionFramework",
        "full_description": "Full source code for FastDecisionFramework. Includes backend, frontend, and deployment instructions. Evaluated complexity score: 9066 bytes.",
        "download_link": "https://www.dropbox.com/scl/fo/6fqbspsqnnfd86txpwfia/ALfAFwoZAlQ-uei4uKJ55SY?rlkey=ifj1yey8jol1qzicvedmpmfml&st=rz9kucuh&dl=0",
        "blurred_image_url": "/static/images/project_india_fastdecisionframework_blurred.jpg",
        "real_image_url": "/static/images/project_india_fastdecisionframework_real.jpg"
    },
    {
        "codename": "PROJECT JULIETT FASTMONEYPLANNER",
        "teaser_title": "Generates $97/mo",
        "teaser_description": "Automated FastMoneyPlanner bot that leverages market inefficiencies.",
        "price": 810.0,
        "category": "Python",
        "real_title": "FastMoneyPlanner",
        "full_description": "Full source code for FastMoneyPlanner. Includes backend, frontend, and deployment instructions. Evaluated complexity score: 9344 bytes.",
        "download_link": "https://www.dropbox.com/scl/fo/8k5lyphvlqdn3jpn9y6fu/AAA7YCWuW402J0FHd1ttzgo?rlkey=qnqstffpwealghel7laevpg8p&st=eadchvxp&dl=0",
        "blurred_image_url": "/static/images/project_juliett_fastmoneyplanner_blurred.jpg",
        "real_image_url": "/static/images/project_juliett_fastmoneyplanner_real.jpg"
    },
    {
        "codename": "PROJECT KILO FOCUS2MONEY",
        "teaser_title": "Generates $156/mo",
        "teaser_description": "Automated Focus2Money bot that leverages market inefficiencies.",
        "price": 1300.0,
        "category": "Python",
        "real_title": "Focus2Money",
        "full_description": "Full source code for Focus2Money. Includes backend, frontend, and deployment instructions. Evaluated complexity score: 10214 bytes.",
        "download_link": "https://www.dropbox.com/scl/fo/0yk4jzaa6zvgjn7dk3rc4/ACiRsDRS_f3A_nr7_ihTuvg?rlkey=9xdtimc3ve32zibuenutcc4zr&st=c033pfeg&dl=0",
        "blurred_image_url": "/static/images/project_kilo_focus2money_blurred.jpg",
        "real_image_url": "/static/images/project_kilo_focus2money_real.jpg"
    },
    {
        "codename": "PROJECT LIMA FOCUSBLOCKS",
        "teaser_title": "Generates $97/mo",
        "teaser_description": "Automated FocusBlocks bot that leverages market inefficiencies.",
        "price": 810.0,
        "category": "Python",
        "real_title": "FocusBlocks",
        "full_description": "Full source code for FocusBlocks. Includes backend, frontend, and deployment instructions. Evaluated complexity score: 9359 bytes.",
        "download_link": "https://www.dropbox.com/scl/fo/h6ii0mm5vue60uzvv8dcw/ALKdcpeVmu6EN9Bk1vulZRo?rlkey=lesk5dmqu33warqar2odnk8pg&st=pzcbmntk&dl=0",
        "blurred_image_url": "/static/images/project_lima_focusblocks_blurred.jpg",
        "real_image_url": "/static/images/project_lima_focusblocks_real.jpg"
    },
    {
        "codename": "PROJECT MIKE FOCUSDEBT",
        "teaser_title": "Generates $109/mo",
        "teaser_description": "Automated FocusDebt bot that leverages market inefficiencies.",
        "price": 910.0,
        "category": "Python",
        "real_title": "FocusDebt",
        "full_description": "Full source code for FocusDebt. Includes backend, frontend, and deployment instructions. Evaluated complexity score: 9533 bytes.",
        "download_link": "https://www.dropbox.com/scl/fo/8jxlblgofqmi9ff9z279l/AOWGnhS8CF2y9dfsE4diAew?rlkey=bn6k8iegd1vpdjfwl13oyolkx&st=r1fvm7ea&dl=0",
        "blurred_image_url": "/static/images/project_mike_focusdebt_blurred.jpg",
        "real_image_url": "/static/images/project_mike_focusdebt_real.jpg"
    },
    {
        "codename": "PROJECT NOVEMBER HABIT2INCOME",
        "teaser_title": "Generates $122/mo",
        "teaser_description": "Automated Habit2Income bot that leverages market inefficiencies.",
        "price": 1020.0,
        "category": "Python",
        "real_title": "Habit2Income",
        "full_description": "Full source code for Habit2Income. Includes backend, frontend, and deployment instructions. Evaluated complexity score: 9722 bytes.",
        "download_link": "https://www.dropbox.com/scl/fo/zpc7q3ljlcvn1ik896wcp/AB2xokutE7saqyMTrNYeEEE?rlkey=8ak0frq5ee2wk36fzdsguxqrz&st=oz2lpfsq&dl=0",
        "blurred_image_url": "/static/images/project_november_habit2income_blurred.jpg",
        "real_image_url": "/static/images/project_november_habit2income_real.jpg"
    },
    {
        "codename": "PROJECT OSCAR HIDDENDEMAND",
        "teaser_title": "Generates $817/mo",
        "teaser_description": "Automated HiddenDemand bot that leverages market inefficiencies.",
        "price": 6810.0,
        "category": "Python",
        "real_title": "HiddenDemand",
        "full_description": "Full source code for HiddenDemand. Includes backend, frontend, and deployment instructions. Evaluated complexity score: 19974 bytes.",
        "download_link": "https://www.dropbox.com/scl/fo/tuvfq24uy3yyjzxeddriv/ABPT1IN4Kz7o2BfANCY94JU?rlkey=a0th83akyqwqt07sno4eq9xzl&st=6gd9n6ql&dl=0",
        "blurred_image_url": "/static/images/project_oscar_hiddendemand_blurred.jpg",
        "real_image_url": "/static/images/project_oscar_hiddendemand_real.jpg"
    },
    {
        "codename": "PROJECT PAPA IDEA2MONEY",
        "teaser_title": "Generates $92/mo",
        "teaser_description": "Automated Idea2Money bot that leverages market inefficiencies.",
        "price": 770.0,
        "category": "Python",
        "real_title": "Idea2Money",
        "full_description": "Full source code for Idea2Money. Includes backend, frontend, and deployment instructions. Evaluated complexity score: 9276 bytes.",
        "download_link": "https://www.dropbox.com/scl/fo/h41rk8q1uo49xpmezhz86/AGLzpvVgynqA8cUN05C6lVs?rlkey=6w5ltu6rhd3oyd9qwuqzw96ma&st=zm2exu6j&dl=0",
        "blurred_image_url": "/static/images/project_papa_idea2money_blurred.jpg",
        "real_image_url": "/static/images/project_papa_idea2money_real.jpg"
    },
    {
        "codename": "PROJECT QUEBEC INCOMEBOT",
        "teaser_title": "Generates $81/mo",
        "teaser_description": "Automated IncomeBot bot that leverages market inefficiencies.",
        "price": 680.0,
        "category": "Python",
        "real_title": "IncomeBot",
        "full_description": "Full source code for IncomeBot. Includes backend, frontend, and deployment instructions. Evaluated complexity score: 9115 bytes.",
        "download_link": "https://www.dropbox.com/scl/fo/p47do8s9qop3j7abmabjs/AKVZMjebepcazAZw55qVezg?rlkey=8tizvszk2uudr6whyxy65sl8z&st=43tdlfy3&dl=0",
        "blurred_image_url": "/static/images/project_quebec_incomebot_blurred.jpg",
        "real_image_url": "/static/images/project_quebec_incomebot_real.jpg"
    },
    {
        "codename": "PROJECT ROMEO INCOMEFLOWMAP",
        "teaser_title": "Generates $78/mo",
        "teaser_description": "Automated IncomeFlowMap bot that leverages market inefficiencies.",
        "price": 650.0,
        "category": "Python",
        "real_title": "IncomeFlowMap",
        "full_description": "Full source code for IncomeFlowMap. Includes backend, frontend, and deployment instructions. Evaluated complexity score: 9063 bytes.",
        "download_link": "https://www.dropbox.com/scl/fo/hjxv1lzzuapuwas15gn8e/ABzzY-2nB5u8ZlhScgbQA_4?rlkey=vgpynypiauv1vs3l1wgeuvzic&st=zpjobzxe&dl=0",
        "blurred_image_url": "/static/images/project_romeo_incomeflowmap_blurred.jpg",
        "real_image_url": "/static/images/project_romeo_incomeflowmap_real.jpg"
    },
    {
        "codename": "PROJECT SIERRA INCOMEFOCUSAI",
        "teaser_title": "Generates $68/mo",
        "teaser_description": "Automated IncomeFocusAI bot that leverages market inefficiencies.",
        "price": 570.0,
        "category": "Python",
        "real_title": "IncomeFocusAI",
        "full_description": "Full source code for IncomeFocusAI. Includes backend, frontend, and deployment instructions. Evaluated complexity score: 8927 bytes.",
        "download_link": "https://www.dropbox.com/scl/fo/drj5wpa4bvftakgxitzre/AEaR_gNiFTwCWvy2zw7apxY?rlkey=ej6ikzsc1msia9bunrjqwe39o&st=smw3ooev&dl=0",
        "blurred_image_url": "/static/images/project_sierra_incomefocusai_blurred.jpg",
        "real_image_url": "/static/images/project_sierra_incomefocusai_real.jpg"
    },
    {
        "codename": "PROJECT TANGO INCOMEFOCUSTIMER",
        "teaser_title": "Generates $74/mo",
        "teaser_description": "Automated IncomeFocusTimer bot that leverages market inefficiencies.",
        "price": 620.0,
        "category": "Python",
        "real_title": "IncomeFocusTimer",
        "full_description": "Full source code for IncomeFocusTimer. Includes backend, frontend, and deployment instructions. Evaluated complexity score: 9007 bytes.",
        "download_link": "https://www.dropbox.com/scl/fo/mq0y4k6vtcqmedxvpvky3/AFQ7fVACq8YqkLaryOURVlQ?rlkey=0zjx78rg0skzq4s8i0j6pmgba&st=pwwcbkwc&dl=0",
        "blurred_image_url": "/static/images/project_tango_incomefocustimer_blurred.jpg",
        "real_image_url": "/static/images/project_tango_incomefocustimer_real.jpg"
    },
    {
        "codename": "PROJECT UNIFORM INCOMEOPTIMIZERAI",
        "teaser_title": "Generates $93/mo",
        "teaser_description": "Automated IncomeOptimizerAI bot that leverages market inefficiencies.",
        "price": 780.0,
        "category": "Python",
        "real_title": "IncomeOptimizerAI",
        "full_description": "Full source code for IncomeOptimizerAI. Includes backend, frontend, and deployment instructions. Evaluated complexity score: 9306 bytes.",
        "download_link": "https://www.dropbox.com/scl/fo/zirwpxerv39ekp7c0se6j/ACvIQIeeuwSDJwM7Gx7pAEw?rlkey=mq9a3bn60q4p2quabu8ij4xdx&st=p50s96du&dl=0",
        "blurred_image_url": "/static/images/project_uniform_incomeoptimizerai_blurred.jpg",
        "real_image_url": "/static/images/project_uniform_incomeoptimizerai_real.jpg"
    },
    {
        "codename": "PROJECT VICTOR INCOMEREALITYCHECK",
        "teaser_title": "Generates $84/mo",
        "teaser_description": "Automated IncomeRealityCheck bot that leverages market inefficiencies.",
        "price": 700.0,
        "category": "Python",
        "real_title": "IncomeRealityCheck",
        "full_description": "Full source code for IncomeRealityCheck. Includes backend, frontend, and deployment instructions. Evaluated complexity score: 9164 bytes.",
        "download_link": "https://www.dropbox.com/scl/fo/5br8yhs3476mtuxn2wjec/AEaSc4V670_JmO3pEfYuc1E?rlkey=6zgnoot1kjfvb2ehj2bfvoggm&st=040h3fag&dl=0",
        "blurred_image_url": "/static/images/project_victor_incomerealitycheck_blurred.jpg",
        "real_image_url": "/static/images/project_victor_incomerealitycheck_real.jpg"
    },
    {
        "codename": "PROJECT WHISKEY INCOMESTACKER",
        "teaser_title": "Generates $160/mo",
        "teaser_description": "Automated IncomeStacker bot that leverages market inefficiencies.",
        "price": 1340.0,
        "category": "Python",
        "real_title": "IncomeStacker",
        "full_description": "Full source code for IncomeStacker. Includes backend, frontend, and deployment instructions. Evaluated complexity score: 10293 bytes.",
        "download_link": "https://www.dropbox.com/scl/fo/olfcli08rst1z4v3gdy0g/AMRdMig_E_a344pFLIbHz20?rlkey=2rs93wsfmfsbqi0f9irhissaa&st=l6zwyui7&dl=0",
        "blurred_image_url": "/static/images/project_whiskey_incomestacker_blurred.jpg",
        "real_image_url": "/static/images/project_whiskey_incomestacker_real.jpg"
    },
    {
        "codename": "PROJECT XRAY INCOMESTRESSMONITOR",
        "teaser_title": "Generates $82/mo",
        "teaser_description": "Automated IncomeStressMonitor bot that leverages market inefficiencies.",
        "price": 690.0,
        "category": "Python",
        "real_title": "IncomeStressMonitor",
        "full_description": "Full source code for IncomeStressMonitor. Includes backend, frontend, and deployment instructions. Evaluated complexity score: 9136 bytes.",
        "download_link": "https://www.dropbox.com/scl/fo/p6wy5lmoa5qb6ieanda0e/ACZFAhNhdnhzHUhxJsz-tC8?rlkey=ia9vkzvw0xzl9odp44h9gje92&st=iygokn3o&dl=0",
        "blurred_image_url": "/static/images/project_xray_incomestressmonitor_blurred.jpg",
        "real_image_url": "/static/images/project_xray_incomestressmonitor_real.jpg"
    },
    {
        "codename": "PROJECT YANKEE LATAMCASHAI",
        "teaser_title": "Generates $141/mo",
        "teaser_description": "Automated LatamCashAI bot that leverages market inefficiencies.",
        "price": 1180.0,
        "category": "Python",
        "real_title": "LatamCashAI",
        "full_description": "Full source code for LatamCashAI. Includes backend, frontend, and deployment instructions. Evaluated complexity score: 10010 bytes.",
        "download_link": "https://www.dropbox.com/scl/fo/i3pfp89gzeaiu1qycwjv0/AEU4BnYYaXdOYX3GHVKj8WQ?rlkey=vc4csq7ssezmv9fua6z9qrf9z&st=4ti25fej&dl=0",
        "blurred_image_url": "/static/images/project_yankee_latamcashai_blurred.jpg",
        "real_image_url": "/static/images/project_yankee_latamcashai_real.jpg"
    },
    {
        "codename": "PROJECT ZULU LAZYINVESTOR",
        "teaser_title": "Generates $128/mo",
        "teaser_description": "Automated LazyInvestor bot that leverages market inefficiencies.",
        "price": 1070.0,
        "category": "Python",
        "real_title": "LazyInvestor",
        "full_description": "Full source code for LazyInvestor. Includes backend, frontend, and deployment instructions. Evaluated complexity score: 9807 bytes.",
        "download_link": "https://www.dropbox.com/scl/fo/lufmbr81zssmuudxfhcqq/AOjJXAUit2oQrXYFj6jZ1f0?rlkey=b0phgsqqsvxli41dj2rfvyxs0&st=qixxvro8&dl=0",
        "blurred_image_url": "/static/images/project_zulu_lazyinvestor_blurred.jpg",
        "real_image_url": "/static/images/project_zulu_lazyinvestor_real.jpg"
    },
    {
        "codename": "PROJECT ALPHA LOCALFLIPFINDER",
        "teaser_title": "Generates $100/mo",
        "teaser_description": "Automated LocalFlipFinder bot that leverages market inefficiencies.",
        "price": 840.0,
        "category": "Python",
        "real_title": "LocalFlipFinder",
        "full_description": "Full source code for LocalFlipFinder. Includes backend, frontend, and deployment instructions. Evaluated complexity score: 9401 bytes.",
        "download_link": "https://www.dropbox.com/scl/fo/ax2u2ma9dexyfo4sv0xoc/AAPwhKByJzcyRXvr69OpO7M?rlkey=ldkc30nhgevg80y6jknf8jnpy&st=b9uliexp&dl=0",
        "blurred_image_url": "/static/images/project_alpha_localflipfinder_blurred.jpg",
        "real_image_url": "/static/images/project_alpha_localflipfinder_real.jpg"
    },
    {
        "codename": "PROJECT BRAVO MENTALCASHFLOW",
        "teaser_title": "Generates $106/mo",
        "teaser_description": "Automated MentalCashflow bot that leverages market inefficiencies.",
        "price": 890.0,
        "category": "Python",
        "real_title": "MentalCashflow",
        "full_description": "Full source code for MentalCashflow. Includes backend, frontend, and deployment instructions. Evaluated complexity score: 9498 bytes.",
        "download_link": "https://www.dropbox.com/scl/fo/9xn2utd01plosxifwekt6/AHHy2mj64Cp8UB3NpH2JTdA?rlkey=n59w4bzo092k66hfngoemkvf1&st=2lytgpix&dl=0",
        "blurred_image_url": "/static/images/project_bravo_mentalcashflow_blurred.jpg",
        "real_image_url": "/static/images/project_bravo_mentalcashflow_real.jpg"
    },
    {
        "codename": "PROJECT CHARLIE MENTALROI",
        "teaser_title": "Generates $109/mo",
        "teaser_description": "Automated MentalROI bot that leverages market inefficiencies.",
        "price": 910.0,
        "category": "Python",
        "real_title": "MentalROI",
        "full_description": "Full source code for MentalROI. Includes backend, frontend, and deployment instructions. Evaluated complexity score: 9524 bytes.",
        "download_link": "https://www.dropbox.com/scl/fo/tys9zln0slef30anlig2a/AKVcvipGoV6Q8IZbJicwdf0?rlkey=sl47nj3x6qz10ekjpe7ux16ez&st=6tia5lot&dl=0",
        "blurred_image_url": "/static/images/project_charlie_mentalroi_blurred.jpg",
        "real_image_url": "/static/images/project_charlie_mentalroi_real.jpg"
    },
    {
        "codename": "PROJECT DELTA MICROASSET",
        "teaser_title": "Generates $918/mo",
        "teaser_description": "Automated MicroAsset bot that leverages market inefficiencies.",
        "price": 7650.0,
        "category": "Python",
        "real_title": "MicroAsset",
        "full_description": "Full source code for MicroAsset. Includes backend, frontend, and deployment instructions. Evaluated complexity score: 21461 bytes.",
        "download_link": "https://www.dropbox.com/scl/fo/muh1trz1uylzzj5r076mr/AL1XBfc--hN0RpY5o4ugfK4?rlkey=qj5z20k356ijr6phwpi9mfpna&st=b2qqoazk&dl=0",
        "blurred_image_url": "/static/images/project_delta_microasset_blurred.jpg",
        "real_image_url": "/static/images/project_delta_microasset_real.jpg"
    },
    {
        "codename": "PROJECT ECHO MICROBIZBUILDER",
        "teaser_title": "Generates $158/mo",
        "teaser_description": "Automated MicroBizBuilder bot that leverages market inefficiencies.",
        "price": 1320.0,
        "category": "Python",
        "real_title": "MicroBizBuilder",
        "full_description": "Full source code for MicroBizBuilder. Includes backend, frontend, and deployment instructions. Evaluated complexity score: 10260 bytes.",
        "download_link": "https://www.dropbox.com/scl/fo/joyigzbpa8ilool7uwvdq/ALeyPYTzyEiebEixUE9Ugp8?rlkey=afccbunb8hpg3uikiz06b8fev&st=l7vgmhha&dl=0",
        "blurred_image_url": "/static/images/project_echo_microbizbuilder_blurred.jpg",
        "real_image_url": "/static/images/project_echo_microbizbuilder_real.jpg"
    },
    {
        "codename": "PROJECT FOXTROT MICROFLIP",
        "teaser_title": "Generates $138/mo",
        "teaser_description": "Automated MicroFlip bot that leverages market inefficiencies.",
        "price": 1150.0,
        "category": "Python",
        "real_title": "MicroFlip",
        "full_description": "Full source code for MicroFlip. Includes backend, frontend, and deployment instructions. Evaluated complexity score: 9962 bytes.",
        "download_link": "https://www.dropbox.com/scl/fo/2mzsagzj5ttxej0qg4m9y/ABJpknqN97jHNCDcZC4xKV8?rlkey=t9j59tr0pxs5k1n6fyu4zy3nd&st=ja0wog2o&dl=0",
        "blurred_image_url": "/static/images/project_foxtrot_microflip_blurred.jpg",
        "real_image_url": "/static/images/project_foxtrot_microflip_real.jpg"
    },
    {
        "codename": "PROJECT GOLF MICROINCOMELAB",
        "teaser_title": "Generates $63/mo",
        "teaser_description": "Automated MicroIncomeLab bot that leverages market inefficiencies.",
        "price": 530.0,
        "category": "Python",
        "real_title": "MicroIncomeLab",
        "full_description": "Full source code for MicroIncomeLab. Includes backend, frontend, and deployment instructions. Evaluated complexity score: 8850 bytes.",
        "download_link": "https://www.dropbox.com/scl/fo/qtgjl0x3t5tc144sidsjq/AASp7WEEGQ1d2ql27CQCOVo?rlkey=s0ogkw5obb59v2y11zczygnaa&st=knd2wbvi&dl=0",
        "blurred_image_url": "/static/images/project_golf_microincomelab_blurred.jpg",
        "real_image_url": "/static/images/project_golf_microincomelab_real.jpg"
    },
    {
        "codename": "PROJECT INDIA MONEYCLARITYAI",
        "teaser_title": "Generates $72/mo",
        "teaser_description": "Automated MoneyClarityAI bot that leverages market inefficiencies.",
        "price": 600.0,
        "category": "Python",
        "real_title": "MoneyClarityAI",
        "full_description": "Full source code for MoneyClarityAI. Includes backend, frontend, and deployment instructions. Evaluated complexity score: 8974 bytes.",
        "download_link": "https://www.dropbox.com/scl/fo/88nly264713t84t0izj0y/AB9qVHL0eUNZNQ1hgNb4KSQ?rlkey=xwosbwi9k2lkm5ruvtsvo38py&st=cgxbbw1w&dl=0",
        "blurred_image_url": "/static/images/project_india_moneyclarityai_blurred.jpg",
        "real_image_url": "/static/images/project_india_moneyclarityai_real.jpg"
    },
    {
        "codename": "PROJECT JULIETT MONEYHABITBREAKER",
        "teaser_title": "Generates $67/mo",
        "teaser_description": "Automated MoneyHabitBreaker bot that leverages market inefficiencies.",
        "price": 560.0,
        "category": "Python",
        "real_title": "MoneyHabitBreaker",
        "full_description": "Full source code for MoneyHabitBreaker. Includes backend, frontend, and deployment instructions. Evaluated complexity score: 8916 bytes.",
        "download_link": "https://www.dropbox.com/scl/fo/undpzaulxcmwf81jpk5tj/AF6ecHjJJ--ymp50LHOWmI8?rlkey=c4247ai5osde1gg4sg2dp5zcz&st=884mfwru&dl=0",
        "blurred_image_url": "/static/images/project_juliett_moneyhabitbreaker_blurred.jpg",
        "real_image_url": "/static/images/project_juliett_moneyhabitbreaker_real.jpg"
    },
    {
        "codename": "PROJECT KILO MONEYMISTAKEANALYZER",
        "teaser_title": "Generates $72/mo",
        "teaser_description": "Automated MoneyMistakeAnalyzer bot that leverages market inefficiencies.",
        "price": 600.0,
        "category": "Python",
        "real_title": "MoneyMistakeAnalyzer",
        "full_description": "Full source code for MoneyMistakeAnalyzer. Includes backend, frontend, and deployment instructions. Evaluated complexity score: 8972 bytes.",
        "download_link": "https://www.dropbox.com/scl/fo/zqs231dvrp9mdjbu2tkxe/AIzT6GTTgzLhLEgIMnd1jyw?rlkey=0r1d8mxmq25bwdv1nrgee0xwf&st=rtcht4lf&dl=0",
        "blurred_image_url": "/static/images/project_kilo_moneymistakeanalyzer_blurred.jpg",
        "real_image_url": "/static/images/project_kilo_moneymistakeanalyzer_real.jpg"
    },
    {
        "codename": "PROJECT LIMA MONEYMOMENTUM",
        "teaser_title": "Generates $122/mo",
        "teaser_description": "Automated MoneyMomentum bot that leverages market inefficiencies.",
        "price": 1020.0,
        "category": "Python",
        "real_title": "MoneyMomentum",
        "full_description": "Full source code for MoneyMomentum. Includes backend, frontend, and deployment instructions. Evaluated complexity score: 9726 bytes.",
        "download_link": "https://www.dropbox.com/scl/fo/asyd4nvaxrh7avjl2ka0c/AHno6PXu8SmxYAk0Bdnq0QQ?rlkey=vh6jtvnh8ndiv84prcdieo0dz&st=cxzsy2tk&dl=0",
        "blurred_image_url": "/static/images/project_lima_moneymomentum_blurred.jpg",
        "real_image_url": "/static/images/project_lima_moneymomentum_real.jpg"
    },
    {
        "codename": "PROJECT MIKE NEIGHBORHOODPROFITS",
        "teaser_title": "Generates $99/mo",
        "teaser_description": "Automated NeighborhoodProfits bot that leverages market inefficiencies.",
        "price": 830.0,
        "category": "Python",
        "real_title": "NeighborhoodProfits",
        "full_description": "Full source code for NeighborhoodProfits. Includes backend, frontend, and deployment instructions. Evaluated complexity score: 9387 bytes.",
        "download_link": "https://www.dropbox.com/scl/fo/5g3juqoq99fubzgp756y7/ANgO_sE59l1SU5TTh7speMo?rlkey=kqu15ekpk2h4eo51yc523bdq7&st=ji8127vu&dl=0",
        "blurred_image_url": "/static/images/project_mike_neighborhoodprofits_blurred.jpg",
        "real_image_url": "/static/images/project_mike_neighborhoodprofits_real.jpg"
    },
    {
        "codename": "PROJECT NOVEMBER NOEXCUSESTRACKER",
        "teaser_title": "Generates $76/mo",
        "teaser_description": "Automated NoExcusesTracker bot that leverages market inefficiencies.",
        "price": 640.0,
        "category": "Python",
        "real_title": "NoExcusesTracker",
        "full_description": "Full source code for NoExcusesTracker. Includes backend, frontend, and deployment instructions. Evaluated complexity score: 9054 bytes.",
        "download_link": "https://www.dropbox.com/scl/fo/ps3226i26kliqxfi182pn/AFrlZF68lVw6NzVow5X21Iw?rlkey=ggy95fqx8zie45gqrbxvtsm81&st=wmg3nhfk&dl=0",
        "blurred_image_url": "/static/images/project_november_noexcusestracker_blurred.jpg",
        "real_image_url": "/static/images/project_november_noexcusestracker_real.jpg"
    },
    {
        "codename": "PROJECT OSCAR OFFLINEMONEY",
        "teaser_title": "Generates $100/mo",
        "teaser_description": "Automated OfflineMoney bot that leverages market inefficiencies.",
        "price": 840.0,
        "category": "Python",
        "real_title": "OfflineMoney",
        "full_description": "Full source code for OfflineMoney. Includes backend, frontend, and deployment instructions. Evaluated complexity score: 9405 bytes.",
        "download_link": "https://www.dropbox.com/scl/fo/3tejtxvcjspcrze7iwyu9/AAacZlRCC99h9SGpRcIgv0s?rlkey=mzhx3s7nssm0l9c8918f5umlz&st=61c5od7m&dl=0",
        "blurred_image_url": "/static/images/project_oscar_offlinemoney_blurred.jpg",
        "real_image_url": "/static/images/project_oscar_offlinemoney_real.jpg"
    },
    {
        "codename": "PROJECT PAPA OPPORTUNITYCOSTCALCULATOR",
        "teaser_title": "Generates $103/mo",
        "teaser_description": "Automated OpportunityCostCalculator bot that leverages market inefficiencies.",
        "price": 860.0,
        "category": "Python",
        "real_title": "OpportunityCostCalculator",
        "full_description": "Full source code for OpportunityCostCalculator. Includes backend, frontend, and deployment instructions. Evaluated complexity score: 9444 bytes.",
        "download_link": "https://www.dropbox.com/scl/fo/vj0m9stq0xnby8l0z8qy9/AHdRKKsXY6h6XqRuAhoeVHY?rlkey=zo1o6zm2wl90q8zegihr9o0l5&st=d4185uk1&dl=0",
        "blurred_image_url": "/static/images/project_papa_opportunitycostcalculator_blurred.jpg",
        "real_image_url": "/static/images/project_papa_opportunitycostcalculator_real.jpg"
    },
    {
        "codename": "PROJECT QUEBEC OPPORTUNITYJOURNAL",
        "teaser_title": "Generates $75/mo",
        "teaser_description": "Automated OpportunityJournal bot that leverages market inefficiencies.",
        "price": 630.0,
        "category": "Python",
        "real_title": "OpportunityJournal",
        "full_description": "Full source code for OpportunityJournal. Includes backend, frontend, and deployment instructions. Evaluated complexity score: 9026 bytes.",
        "download_link": "https://www.dropbox.com/scl/fo/5rlvdxo2t32221yk1740w/AGvgUrTdrrOIuaSgU6gKf0I?rlkey=csol9bt5s3oonu6axzc3p2l2u&st=m1iie9z7&dl=0",
        "blurred_image_url": "/static/images/project_quebec_opportunityjournal_blurred.jpg",
        "real_image_url": "/static/images/project_quebec_opportunityjournal_real.jpg"
    },
    {
        "codename": "PROJECT ROMEO OPPORTUNITYRADAR",
        "teaser_title": "Generates $105/mo",
        "teaser_description": "Automated OpportunityRadar bot that leverages market inefficiencies.",
        "price": 880.0,
        "category": "Python",
        "real_title": "OpportunityRadar",
        "full_description": "Full source code for OpportunityRadar. Includes backend, frontend, and deployment instructions. Evaluated complexity score: 9478 bytes.",
        "download_link": "https://www.dropbox.com/scl/fo/3ay1ja1a11ik6tq6s7v4x/AOSpQ7QNJ-91iK7JvFSr3FU?rlkey=cj82kwdht4seapyyxtxlcej53&st=2f5gvy3g&dl=0",
        "blurred_image_url": "/static/images/project_romeo_opportunityradar_blurred.jpg",
        "real_image_url": "/static/images/project_romeo_opportunityradar_real.jpg"
    },
    {
        "codename": "PROJECT SIERRA PAYCHECKOPTIMIZER",
        "teaser_title": "Generates $190/mo",
        "teaser_description": "Automated PaycheckOptimizer bot that leverages market inefficiencies.",
        "price": 1590.0,
        "category": "Python",
        "real_title": "PaycheckOptimizer",
        "full_description": "Full source code for PaycheckOptimizer. Includes backend, frontend, and deployment instructions. Evaluated complexity score: 10740 bytes.",
        "download_link": "https://www.dropbox.com/scl/fo/yc1eu3kgx76qzl81qa34t/AL5E6iROFJeC4J6n2JMWW0I?rlkey=vtif9zvm8kvtreopsh5vzxoov&st=p0pdbn02&dl=0",
        "blurred_image_url": "/static/images/project_sierra_paycheckoptimizer_blurred.jpg",
        "real_image_url": "/static/images/project_sierra_paycheckoptimizer_real.jpg"
    },
    {
        "codename": "PROJECT TANGO PERSONALROITRACKER",
        "teaser_title": "Generates $84/mo",
        "teaser_description": "Automated PersonalROITracker bot that leverages market inefficiencies.",
        "price": 700.0,
        "category": "Python",
        "real_title": "PersonalROITracker",
        "full_description": "Full source code for PersonalROITracker. Includes backend, frontend, and deployment instructions. Evaluated complexity score: 9155 bytes.",
        "download_link": "https://www.dropbox.com/scl/fo/xjzjed5qjbn6q0bxvgoqg/AEsbmLb0bvmZ8HMo7MmVgmg?rlkey=xi3trcn07v1qq89fgzuv1w99m&st=d9no5djd&dl=0",
        "blurred_image_url": "/static/images/project_tango_personalroitracker_blurred.jpg",
        "real_image_url": "/static/images/project_tango_personalroitracker_real.jpg"
    },
    {
        "codename": "PROJECT UNIFORM PRICELEAK",
        "teaser_title": "Generates $637/mo",
        "teaser_description": "Automated PriceLeak bot that leverages market inefficiencies.",
        "price": 5310.0,
        "category": "Python",
        "real_title": "PriceLeak",
        "full_description": "Full source code for PriceLeak. Includes backend, frontend, and deployment instructions. Evaluated complexity score: 17321 bytes.",
        "download_link": "https://www.dropbox.com/scl/fo/2zruurukp3sw13qxoc157/ANGWkA-Dlds1hSZvFDxWoQ0?rlkey=bjabvc3utwqt2rayspf6eckc7&st=h07e79sh&dl=0",
        "blurred_image_url": "/static/images/project_uniform_priceleak_blurred.jpg",
        "real_image_url": "/static/images/project_uniform_priceleak_real.jpg"
    },
    {
        "codename": "PROJECT VICTOR PROFITLOOP",
        "teaser_title": "Generates $637/mo",
        "teaser_description": "Automated ProfitLoop bot that leverages market inefficiencies.",
        "price": 5310.0,
        "category": "Python",
        "real_title": "ProfitLoop",
        "full_description": "Full source code for ProfitLoop. Includes backend, frontend, and deployment instructions. Evaluated complexity score: 17309 bytes.",
        "download_link": "https://www.dropbox.com/scl/fo/lgkkinxzcy67i69p7cqf6/AG8rjNStPNKXvHrYvUH_g1Q?rlkey=1id1o3hm5mcg3lvqpngftf285&st=ftw5ztrk&dl=0",
        "blurred_image_url": "/static/images/project_victor_profitloop_blurred.jpg",
        "real_image_url": "/static/images/project_victor_profitloop_real.jpg"
    },
    {
        "codename": "PROJECT WHISKEY PROFITMAP",
        "teaser_title": "Generates $70/mo",
        "teaser_description": "Automated ProfitMap bot that leverages market inefficiencies.",
        "price": 590.0,
        "category": "Python",
        "real_title": "ProfitMap",
        "full_description": "Full source code for ProfitMap. Includes backend, frontend, and deployment instructions. Evaluated complexity score: 8954 bytes.",
        "download_link": "https://www.dropbox.com/scl/fo/2a99iwzzpgbg5jb8319pj/AMka5nzuGxiIxFLqK7DHk2w?rlkey=9y6cn5vlgglotceeylbm1jpvo&st=kl3ejyq2&dl=0",
        "blurred_image_url": "/static/images/project_whiskey_profitmap_blurred.jpg",
        "real_image_url": "/static/images/project_whiskey_profitmap_real.jpg"
    },
    {
        "codename": "PROJECT XRAY PROFITMINDSETCOACH",
        "teaser_title": "Generates $60/mo",
        "teaser_description": "Automated ProfitMindsetCoach bot that leverages market inefficiencies.",
        "price": 500.0,
        "category": "Python",
        "real_title": "ProfitMindsetCoach",
        "full_description": "Full source code for ProfitMindsetCoach. Includes backend, frontend, and deployment instructions. Evaluated complexity score: 8803 bytes.",
        "download_link": "https://www.dropbox.com/scl/fo/uba36pvvgdmwybinztdm6/ACm4roJ-BNr1C_IsAaMhI0w?rlkey=hm6q8sv66jue0x6hwush2d4jp&st=ayrhoeuy&dl=0",
        "blurred_image_url": "/static/images/project_xray_profitmindsetcoach_blurred.jpg",
        "real_image_url": "/static/images/project_xray_profitmindsetcoach_real.jpg"
    },
    {
        "codename": "PROJECT YANKEE PROFITPULSE",
        "teaser_title": "Generates $78/mo",
        "teaser_description": "Automated ProfitPulse bot that leverages market inefficiencies.",
        "price": 650.0,
        "category": "Python",
        "real_title": "ProfitPulse",
        "full_description": "Full source code for ProfitPulse. Includes backend, frontend, and deployment instructions. Evaluated complexity score: 9072 bytes.",
        "download_link": "https://www.dropbox.com/scl/fo/crwvwzth9bo3j04pm6la6/AHNFfVDksMWyiEQHWhjMp-s?rlkey=9b4z7sk6vlnyt6gvg2vxf7y64&st=xxjqu1yg&dl=0",
        "blurred_image_url": "/static/images/project_yankee_profitpulse_blurred.jpg",
        "real_image_url": "/static/images/project_yankee_profitpulse_real.jpg"
    },
    {
        "codename": "PROJECT ZULU QUIETMONEY",
        "teaser_title": "Generates $772/mo",
        "teaser_description": "Automated QuietMoney bot that leverages market inefficiencies.",
        "price": 6440.0,
        "category": "Python",
        "real_title": "QuietMoney",
        "full_description": "Full source code for QuietMoney. Includes backend, frontend, and deployment instructions. Evaluated complexity score: 19308 bytes.",
        "download_link": "https://www.dropbox.com/scl/fo/ybel5bei0agxju7lmzm4c/AJQ9g67QxS53J4RTYYtq8iM?rlkey=xyp54wmpy9mp9ejszb2n2tsuk&st=8is1nq0f&dl=0",
        "blurred_image_url": "/static/images/project_zulu_quietmoney_blurred.jpg",
        "real_image_url": "/static/images/project_zulu_quietmoney_real.jpg"
    },
    {
        "codename": "PROJECT ALPHA RENTAFLUX",
        "teaser_title": "Generates $702/mo",
        "teaser_description": "Automated RentaFlux bot that leverages market inefficiencies.",
        "price": 5850.0,
        "category": "Python",
        "real_title": "RentaFlux",
        "full_description": "Full source code for RentaFlux. Includes backend, frontend, and deployment instructions. Evaluated complexity score: 18269 bytes.",
        "download_link": "https://www.dropbox.com/scl/fo/19uionoy2s3xugrmab4ux/AN7hFaC91D86-ZZGdUJWaSg?rlkey=aubrz8bj2is4wtn232aj2nfxs&st=6sqqr4ae&dl=0",
        "blurred_image_url": "/static/images/project_alpha_rentaflux_blurred.jpg",
        "real_image_url": "/static/images/project_alpha_rentaflux_real.jpg"
    },
    {
        "codename": "PROJECT BRAVO RISKMETER",
        "teaser_title": "Generates $170/mo",
        "teaser_description": "Automated RiskMeter bot that leverages market inefficiencies.",
        "price": 1420.0,
        "category": "Python",
        "real_title": "RiskMeter",
        "full_description": "Full source code for RiskMeter. Includes backend, frontend, and deployment instructions. Evaluated complexity score: 10424 bytes.",
        "download_link": "https://www.dropbox.com/scl/fo/188exk74ljbej0441dltf/AIRdY-Wp_FrlhoNeeb4s0yY?rlkey=6db49k955eomvcwxyfigg7kda&st=5746yr60&dl=0",
        "blurred_image_url": "/static/images/project_bravo_riskmeter_blurred.jpg",
        "real_image_url": "/static/images/project_bravo_riskmeter_real.jpg"
    },
    {
        "codename": "PROJECT CHARLIE SIDEHUSTLERD",
        "teaser_title": "Generates $110/mo",
        "teaser_description": "Automated SideHustleRD bot that leverages market inefficiencies.",
        "price": 920.0,
        "category": "Python",
        "real_title": "SideHustleRD",
        "full_description": "Full source code for SideHustleRD. Includes backend, frontend, and deployment instructions. Evaluated complexity score: 9545 bytes.",
        "download_link": "https://www.dropbox.com/scl/fo/c23fftmfze5m2rpn7413i/AKk8Ayg73z0gZ3VLhXrBa7Y?rlkey=l2nsn44fr3njfrtm677cz1cxy&st=nctnztxh&dl=0",
        "blurred_image_url": "/static/images/project_charlie_sidehustlerd_blurred.jpg",
        "real_image_url": "/static/images/project_charlie_sidehustlerd_real.jpg"
    },
    {
        "codename": "PROJECT DELTA SIDEPROJECTVALIDATOR",
        "teaser_title": "Generates $86/mo",
        "teaser_description": "Automated SideProjectValidator bot that leverages market inefficiencies.",
        "price": 720.0,
        "category": "Python",
        "real_title": "SideProjectValidator",
        "full_description": "Full source code for SideProjectValidator. Includes backend, frontend, and deployment instructions. Evaluated complexity score: 9190 bytes.",
        "download_link": "https://www.dropbox.com/scl/fo/3djhbcopo3i0emc5xxz87/AJPz4stXP3VDVe07Ee4IK6E?rlkey=n1syjeq20yua99psxsf1g3ip2&st=4ll2ct91&dl=0",
        "blurred_image_url": "/static/images/project_delta_sideprojectvalidator_blurred.jpg",
        "real_image_url": "/static/images/project_delta_sideprojectvalidator_real.jpg"
    },
    {
        "codename": "PROJECT ECHO SILENTWEALTH",
        "teaser_title": "Generates $127/mo",
        "teaser_description": "Automated SilentWealth bot that leverages market inefficiencies.",
        "price": 1060.0,
        "category": "Python",
        "real_title": "SilentWealth",
        "full_description": "Full source code for SilentWealth. Includes backend, frontend, and deployment instructions. Evaluated complexity score: 9789 bytes.",
        "download_link": "https://www.dropbox.com/scl/fo/i9rmokrfffkvwkhfvixdc/ALGd4im4VldSOy11-zTyuOo?rlkey=le7lqy37ex6mhjin6hx0m8784&st=plqhysn7&dl=0",
        "blurred_image_url": "/static/images/project_echo_silentwealth_blurred.jpg",
        "real_image_url": "/static/images/project_echo_silentwealth_real.jpg"
    },
    {
        "codename": "PROJECT FOXTROT SKILL2CASHLATAM",
        "teaser_title": "Generates $130/mo",
        "teaser_description": "Automated Skill2CashLatam bot that leverages market inefficiencies.",
        "price": 1090.0,
        "category": "Python",
        "real_title": "Skill2CashLatam",
        "full_description": "Full source code for Skill2CashLatam. Includes backend, frontend, and deployment instructions. Evaluated complexity score: 9843 bytes.",
        "download_link": "https://www.dropbox.com/scl/fo/hx40lwfbf2coreuyaaj1k/AMAj0OdxKdaRdd7k_ix3QqY?rlkey=58hqg9lo9dzgvixm84r24u9ua&st=1oodqa0m&dl=0",
        "blurred_image_url": "/static/images/project_foxtrot_skill2cashlatam_blurred.jpg",
        "real_image_url": "/static/images/project_foxtrot_skill2cashlatam_real.jpg"
    },
    {
        "codename": "PROJECT GOLF SMARTEXPENSERADAR",
        "teaser_title": "Generates $85/mo",
        "teaser_description": "Automated SmartExpenseRadar bot that leverages market inefficiencies.",
        "price": 710.0,
        "category": "Python",
        "real_title": "SmartExpenseRadar",
        "full_description": "Full source code for SmartExpenseRadar. Includes backend, frontend, and deployment instructions. Evaluated complexity score: 9182 bytes.",
        "download_link": "https://www.dropbox.com/scl/fo/425tmwkb34rk8lq4yonyy/AL36o4HfD-FpiEkNtCBLOjQ?rlkey=slesqv2gu4foxjofbkn0eku68&st=cdi9qg8y&dl=0",
        "blurred_image_url": "/static/images/project_golf_smartexpenseradar_blurred.jpg",
        "real_image_url": "/static/images/project_golf_smartexpenseradar_real.jpg"
    },
    {
        "codename": "PROJECT HOTEL SMARTOPPORTUNITYSCANNER",
        "teaser_title": "Generates $100/mo",
        "teaser_description": "Automated SmartOpportunityScanner bot that leverages market inefficiencies.",
        "price": 840.0,
        "category": "Python",
        "real_title": "SmartOpportunityScanner",
        "full_description": "Full source code for SmartOpportunityScanner. Includes backend, frontend, and deployment instructions. Evaluated complexity score: 9397 bytes.",
        "download_link": "https://www.dropbox.com/scl/fo/3fa1ouidgq6ufxocl72h8/AIwOD1weqqn19LGHLecgaNQ?rlkey=9a0trd7h7l7f4mysjidxhlpk7&st=f0atts5t&dl=0",
        "blurred_image_url": "/static/images/project_hotel_smartopportunityscanner_blurred.jpg",
        "real_image_url": "/static/images/project_hotel_smartopportunityscanner_real.jpg"
    },
    {
        "codename": "PROJECT INDIA SMARTSAVINGSENGINE",
        "teaser_title": "Generates $81/mo",
        "teaser_description": "Automated SmartSavingsEngine bot that leverages market inefficiencies.",
        "price": 680.0,
        "category": "Python",
        "real_title": "SmartSavingsEngine",
        "full_description": "Full source code for SmartSavingsEngine. Includes backend, frontend, and deployment instructions. Evaluated complexity score: 9113 bytes.",
        "download_link": "https://www.dropbox.com/scl/fo/j15asffrmqm1qfadgh71o/ACl-mU84vkvQ3bNZiC0CBGw?rlkey=j9sqko11g3x3kgfgdhs8y0d95&st=cmtcehf9&dl=0",
        "blurred_image_url": "/static/images/project_india_smartsavingsengine_blurred.jpg",
        "real_image_url": "/static/images/project_india_smartsavingsengine_real.jpg"
    },
    {
        "codename": "PROJECT JULIETT SMARTSIDEKICK",
        "teaser_title": "Generates $146/mo",
        "teaser_description": "Automated SmartSidekick bot that leverages market inefficiencies.",
        "price": 1220.0,
        "category": "Python",
        "real_title": "SmartSidekick",
        "full_description": "Full source code for SmartSidekick. Includes backend, frontend, and deployment instructions. Evaluated complexity score: 10078 bytes.",
        "download_link": "https://www.dropbox.com/scl/fo/1im1kgneoce49pfxjbwwf/AJ16VT5PBx_fHjhSVffAnxk?rlkey=31dwcu0a9gubwax0fda31hylz&st=fhrnrajm&dl=0",
        "blurred_image_url": "/static/images/project_juliett_smartsidekick_blurred.jpg",
        "real_image_url": "/static/images/project_juliett_smartsidekick_real.jpg"
    },
    {
        "codename": "PROJECT KILO SPENDFREEZE",
        "teaser_title": "Generates $460/mo",
        "teaser_description": "Automated SpendFreeze bot that leverages market inefficiencies.",
        "price": 3840.0,
        "category": "Python",
        "real_title": "SpendFreeze",
        "full_description": "Full source code for SpendFreeze. Includes backend, frontend, and deployment instructions. Evaluated complexity score: 14718 bytes.",
        "download_link": "https://www.dropbox.com/scl/fo/rrn31apqsma5r0ab9fbu9/AKH9vwC-QWg_96mdBFm20lk?rlkey=ef1lyizckobps9wunmhdvlnye&st=a42p3mjh&dl=0",
        "blurred_image_url": "/static/images/project_kilo_spendfreeze_blurred.jpg",
        "real_image_url": "/static/images/project_kilo_spendfreeze_real.jpg"
    },
    {
        "codename": "PROJECT LIMA SPENDLEAK",
        "teaser_title": "Generates $210/mo",
        "teaser_description": "Automated SpendLeak bot that leverages market inefficiencies.",
        "price": 1750.0,
        "category": "Python",
        "real_title": "SpendLeak",
        "full_description": "Full source code for SpendLeak. Includes backend, frontend, and deployment instructions. Evaluated complexity score: 11018 bytes.",
        "download_link": "https://www.dropbox.com/scl/fo/jlv7f0qtb6kk7e9dy9ubi/AH-wJ4eSgmIoHHxrDtj-Qc4?rlkey=gaa1e4i3cx6z0fpx6cps4mp9w&st=w7z7j0yw&dl=0",
        "blurred_image_url": "/static/images/project_lima_spendleak_blurred.jpg",
        "real_image_url": "/static/images/project_lima_spendleak_real.jpg"
    },
    {
        "codename": "PROJECT MIKE STREETBIZPLANNER",
        "teaser_title": "Generates $127/mo",
        "teaser_description": "Automated StreetBizPlanner bot that leverages market inefficiencies.",
        "price": 1060.0,
        "category": "Python",
        "real_title": "StreetBizPlanner",
        "full_description": "Full source code for StreetBizPlanner. Includes backend, frontend, and deployment instructions. Evaluated complexity score: 9799 bytes.",
        "download_link": "https://www.dropbox.com/scl/fo/08636i4f4x7lhkbdasz1y/AAnN6nSPp1IslSrRnzL2nsU?rlkey=br3qmuqve4x9pillvn7hlso6s&st=mgb2a6mm&dl=0",
        "blurred_image_url": "/static/images/project_mike_streetbizplanner_blurred.jpg",
        "real_image_url": "/static/images/project_mike_streetbizplanner_real.jpg"
    },
    {
        "codename": "PROJECT NOVEMBER SUBSCRIPTIONSLAYER",
        "teaser_title": "Generates $122/mo",
        "teaser_description": "Automated SubscriptionSlayer bot that leverages market inefficiencies.",
        "price": 1020.0,
        "category": "Python",
        "real_title": "SubscriptionSlayer",
        "full_description": "Full source code for SubscriptionSlayer. Includes backend, frontend, and deployment instructions. Evaluated complexity score: 9727 bytes.",
        "download_link": "https://www.dropbox.com/scl/fo/qdv072xhhrf9apuqdkv36/AFP849QrxmHYdJ5Jbg4hxso?rlkey=tdukebo6o4miy1lbidv8zsnb7&st=kg0jb0ur&dl=0",
        "blurred_image_url": "/static/images/project_november_subscriptionslayer_blurred.jpg",
        "real_image_url": "/static/images/project_november_subscriptionslayer_real.jpg"
    },
    {
        "codename": "PROJECT OSCAR SURVIVALINCOME",
        "teaser_title": "Generates $75/mo",
        "teaser_description": "Automated SurvivalIncome bot that leverages market inefficiencies.",
        "price": 630.0,
        "category": "Python",
        "real_title": "SurvivalIncome",
        "full_description": "Full source code for SurvivalIncome. Includes backend, frontend, and deployment instructions. Evaluated complexity score: 9033 bytes.",
        "download_link": "https://www.dropbox.com/scl/fo/k5ifx35fli4u94mnxj36l/ADjpWqXsy6S6jG7nvJimFWw?rlkey=hw4kqh9xi6zy916yu0orulv9p&st=mh7a98w0&dl=0",
        "blurred_image_url": "/static/images/project_oscar_survivalincome_blurred.jpg",
        "real_image_url": "/static/images/project_oscar_survivalincome_real.jpg"
    },
    {
        "codename": "PROJECT PAPA TIME2CASH",
        "teaser_title": "Generates $567/mo",
        "teaser_description": "Automated Time2Cash bot that leverages market inefficiencies.",
        "price": 4730.0,
        "category": "Python",
        "real_title": "Time2Cash",
        "full_description": "Full source code for Time2Cash. Includes backend, frontend, and deployment instructions. Evaluated complexity score: 16286 bytes.",
        "download_link": "https://www.dropbox.com/scl/fo/840mkd6gibtmm0ducpgci/AHzO0bu_qB7jZduy3Ud8Lpc?rlkey=gfsub0bnp5sru4r604oiavqpz&st=ygemlw05&dl=0",
        "blurred_image_url": "/static/images/project_papa_time2cash_blurred.jpg",
        "real_image_url": "/static/images/project_papa_time2cash_real.jpg"
    },
    {
        "codename": "PROJECT QUEBEC TIMELEAKDETECTOR",
        "teaser_title": "Generates $140/mo",
        "teaser_description": "Automated TimeLeakDetector bot that leverages market inefficiencies.",
        "price": 1170.0,
        "category": "Python",
        "real_title": "TimeLeakDetector",
        "full_description": "Full source code for TimeLeakDetector. Includes backend, frontend, and deployment instructions. Evaluated complexity score: 9992 bytes.",
        "download_link": "https://www.dropbox.com/scl/fo/lm8f4e3pawa2cbeys3mfq/AKJSN76Y9WFiSwTmCSMSfR0?rlkey=cfo9ffilj6j212hpnj21md1uk&st=c1sbs1qs&dl=0",
        "blurred_image_url": "/static/images/project_quebec_timeleakdetector_blurred.jpg",
        "real_image_url": "/static/images/project_quebec_timeleakdetector_real.jpg"
    },
    {
        "codename": "PROJECT ROMEO WEALTHDISCIPLINE",
        "teaser_title": "Generates $69/mo",
        "teaser_description": "Automated WealthDiscipline bot that leverages market inefficiencies.",
        "price": 580.0,
        "category": "Python",
        "real_title": "WealthDiscipline",
        "full_description": "Full source code for WealthDiscipline. Includes backend, frontend, and deployment instructions. Evaluated complexity score: 8949 bytes.",
        "download_link": "https://www.dropbox.com/scl/fo/f4t1p7nqpsi6491gtef44/AJnWFPn3EH7Ymvu_Ipdmo4s?rlkey=4126cutvy69fhucnr9zb06wiw&st=gt71fnt9&dl=0",
        "blurred_image_url": "/static/images/project_romeo_wealthdiscipline_blurred.jpg",
        "real_image_url": "/static/images/project_romeo_wealthdiscipline_real.jpg"
    },
    {
        "codename": "PROJECT SIERRA WEALTHPATHGENERATOR",
        "teaser_title": "Generates $98/mo",
        "teaser_description": "Automated WealthPathGenerator bot that leverages market inefficiencies.",
        "price": 820.0,
        "category": "Python",
        "real_title": "WealthPathGenerator",
        "full_description": "Full source code for WealthPathGenerator. Includes backend, frontend, and deployment instructions. Evaluated complexity score: 9361 bytes.",
        "download_link": "https://www.dropbox.com/scl/fo/pdqnqi2lsqbm6w21jdp7g/AM7mCDKJ7-p7zkmis9M5xZA?rlkey=6jyu6odm069njcxxfvei7p4dd&st=jie0hvox&dl=0",
        "blurred_image_url": "/static/images/project_sierra_wealthpathgenerator_blurred.jpg",
        "real_image_url": "/static/images/project_sierra_wealthpathgenerator_real.jpg"
    },
    {
        "codename": "PROJECT TANGO WEALTHPATTERNS",
        "teaser_title": "Generates $114/mo",
        "teaser_description": "Automated WealthPatterns bot that leverages market inefficiencies.",
        "price": 950.0,
        "category": "Python",
        "real_title": "WealthPatterns",
        "full_description": "Full source code for WealthPatterns. Includes backend, frontend, and deployment instructions. Evaluated complexity score: 9595 bytes.",
        "download_link": "https://www.dropbox.com/scl/fo/wcwmv493dvkbia7v5qt5k/ALXCXP_2vMMTbgwRcozFa_c?rlkey=eue5z3ylxvs6khaovkxwhzbs3&st=4g8v0c6l&dl=0",
        "blurred_image_url": "/static/images/project_tango_wealthpatterns_blurred.jpg",
        "real_image_url": "/static/images/project_tango_wealthpatterns_real.jpg"
    },
    {
        "codename": "PROJECT UNIFORM ZEROCAPITALIDEAS",
        "teaser_title": "Generates $79/mo",
        "teaser_description": "Automated ZeroCapitalIdeas bot that leverages market inefficiencies.",
        "price": 660.0,
        "category": "Python",
        "real_title": "ZeroCapitalIdeas",
        "full_description": "Full source code for ZeroCapitalIdeas. Includes backend, frontend, and deployment instructions. Evaluated complexity score: 9086 bytes.",
        "download_link": "https://www.dropbox.com/scl/fo/trzwxkhgw3uyoelrpn4q5/AAH4BV9CJ5g81UVHiv1Qdkk?rlkey=48raeosood26rcwzluljhyd41&st=bo6934k8&dl=0",
        "blurred_image_url": "/static/images/project_uniform_zerocapitalideas_blurred.jpg",
        "real_image_url": "/static/images/project_uniform_zerocapitalideas_real.jpg"
    },
    {
        "codename": "PROJECT VICTOR ZEROWASTEMONEY",
        "teaser_title": "Generates $153/mo",
        "teaser_description": "Automated ZeroWasteMoney bot that leverages market inefficiencies.",
        "price": 1280.0,
        "category": "Python",
        "real_title": "ZeroWasteMoney",
        "full_description": "Full source code for ZeroWasteMoney. Includes backend, frontend, and deployment instructions. Evaluated complexity score: 10189 bytes.",
        "download_link": "https://www.dropbox.com/scl/fo/fturmu4g4lt4vo6pkng6r/AC1XS8owCYRcHBo6Ueb8y-Y?rlkey=bftsl14wk79vxl7k9d1p9qmn9&st=5ss75q99&dl=0",
        "blurred_image_url": "/static/images/project_victor_zerowastemoney_blurred.jpg",
        "real_image_url": "/static/images/project_victor_zerowastemoney_real.jpg"
    }
]