[
    {
        "id": "empire_source_code",
        "title": "Empire One Source Code",
        "description": {
            "en": "The complete source code of this portfolio platform. Engineered for dominance.",
            "es": "El c\u00f3digo fuente completo de esta plataforma. Dise\u00f1ado para dominar.",
            "fr": "Le code source complet de cette plateforme."
        },
        "price": "1500.00",
        "filename": "Empire_One_Source.zip",
        "languages": [
            "HTML",
            "CSS",
            "JS"
        ],
        "category": "Premium"
    },
    {
        "id": "sovereign_ai_core",
        "title": "Sovereign AI Core",
        "description": {
            "en": "The underlying neural architecture of our AI terminal. Pure logic.",
            "es": "La arquitectura neuronal de nuestro terminal de IA.",
            "fr": "L'architecture neuronale de notre terminal IA."
        },
        "price": "500.00",
        "filename": "Sovereign_AI_Core.zip",
        "languages": [
            "JS",
            "Python"
        ],
        "category": "Premium"
    },
    {
        "id": "automation_master_key",
        "title": "Automation Master Key",
        "description": {
            "en": "Instant access to all 150+ logic modules in one secure package.",
            "es": "Acceso instant\u00e1neo a los 150+ m\u00f3dulos l\u00f3gicos.",
            "fr": "Acc\u00e8s instantan\u00e9 \u00e0 tous les modules logiques."
        },
        "price": "2500.00",
        "filename": "Automation_Master_Key.zip",
        "languages": [
            "Python"
        ],
        "category": "Premium"
    },
    {
        "id": "01_web_scraping_data_delivery",
        "title": "01 Web Scraping Data Delivery",
        "description": {
            "en": "Powerful automation script for enterprise use.",
            "es": "Potente script de automatizaci\u00f3n para uso empresarial.",
            "fr": "Un puissant script d'automatisation."
        },
        "price": "150.00",
        "filename": "01_Web_Scraping_Data_Delivery.zip",
        "languages": [],
        "category": "Core Automation"
    },
    {
        "id": "02_social_media_automation",
        "title": "02 Social Media Automation",
        "description": {
            "en": "Powerful automation script for enterprise use.",
            "es": "Potente script de automatizaci\u00f3n para uso empresarial.",
            "fr": "Un puissant script d'automatisation."
        },
        "price": "150.00",
        "filename": "02_Social_Media_Automation.zip",
        "languages": [],
        "category": "Core Automation"
    },
    {
        "id": "03_excel_google_sheets_automation",
        "title": "03 Excel Google Sheets Automation",
        "description": {
            "en": "Powerful automation script for enterprise use.",
            "es": "Potente script de automatizaci\u00f3n para uso empresarial.",
            "fr": "Un puissant script d'automatisation."
        },
        "price": "150.00",
        "filename": "03_Excel_Google_Sheets_Automation.zip",
        "languages": [],
        "category": "Core Automation"
    },
    {
        "id": "04_email_automation_lead_outreach",
        "title": "04 Email Automation Lead Outreach",
        "description": {
            "en": "Powerful automation script for enterprise use.",
            "es": "Potente script de automatizaci\u00f3n para uso empresarial.",
            "fr": "Un puissant script d'automatisation."
        },
        "price": "150.00",
        "filename": "04_Email_Automation_Lead_Outreach.zip",
        "languages": [],
        "category": "Core Automation"
    },
    {
        "id": "05_ecommerce_automation",
        "title": "05 Ecommerce Automation",
        "description": {
            "en": "Powerful automation script for enterprise use.",
            "es": "Potente script de automatizaci\u00f3n para uso empresarial.",
            "fr": "Un puissant script d'automatisation."
        },
        "price": "150.00",
        "filename": "05_Ecommerce_Automation.zip",
        "languages": [],
        "category": "Core Automation"
    },
    {
        "id": "06_crypto_trading_automation",
        "title": "06 Crypto Trading Automation",
        "description": {
            "en": "Powerful automation script for enterprise use.",
            "es": "Potente script de automatizaci\u00f3n para uso empresarial.",
            "fr": "Un puissant script d'automatisation."
        },
        "price": "150.00",
        "filename": "06_Crypto_Trading_Automation.zip",
        "languages": [],
        "category": "Core Automation"
    },
    {
        "id": "07_desktop_automation",
        "title": "07 Desktop Automation",
        "description": {
            "en": "Powerful automation script for enterprise use.",
            "es": "Potente script de automatizaci\u00f3n para uso empresarial.",
            "fr": "Un puissant script d'automatisation."
        },
        "price": "150.00",
        "filename": "07_Desktop_Automation.zip",
        "languages": [],
        "category": "Core Automation"
    },
    {
        "id": "vulnera",
        "title": "Vulnera",
        "description": {
            "en": "Advanced vulnerability scanner and reporting tool.",
            "es": "Esc\u00e1ner de vulnerabilidades avanzado.",
            "fr": "Outil avanc\u00e9 d'analyse de vuln\u00e9rabilit\u00e9."
        },
        "price": "150.00",
        "filename": "Vulnera.zip",
        "languages": [],
        "category": "Core Automation"
    },
    {
        "id": "ai_chatbot_web",
        "title": "AI Chatbot Web",
        "description": {
            "en": "Ready-to-deploy micro-SaaS template.",
            "es": "Plantilla micro-SaaS lista para implementar.",
            "fr": "Mod\u00e8le micro-SaaS pr\u00eat \u00e0 d\u00e9ployer."
        },
        "price": "150.00",
        "filename": "AI_Chatbot_Web.zip",
        "languages": [],
        "category": "SaaS Templates"
    },
    {
        "id": "ai_chat_saas_template",
        "title": "AI Chat SaaS Template",
        "description": {
            "en": "Ready-to-deploy micro-SaaS template.",
            "es": "Plantilla micro-SaaS lista para implementar.",
            "fr": "Mod\u00e8le micro-SaaS pr\u00eat \u00e0 d\u00e9ployer."
        },
        "price": "150.00",
        "filename": "AI_Chat_SaaS_Template.zip",
        "languages": [],
        "category": "SaaS Templates"
    },
    {
        "id": "ai_code_reviewer",
        "title": "AI Code Reviewer",
        "description": {
            "en": "Ready-to-deploy micro-SaaS template.",
            "es": "Plantilla micro-SaaS lista para implementar.",
            "fr": "Mod\u00e8le micro-SaaS pr\u00eat \u00e0 d\u00e9ployer."
        },
        "price": "150.00",
        "filename": "AI_Code_Reviewer.zip",
        "languages": [],
        "category": "SaaS Templates"
    },
    {
        "id": "ai_content_rewriter",
        "title": "AI Content Rewriter",
        "description": {
            "en": "Ready-to-deploy micro-SaaS template.",
            "es": "Plantilla micro-SaaS lista para implementar.",
            "fr": "Mod\u00e8le micro-SaaS pr\u00eat \u00e0 d\u00e9ployer."
        },
        "price": "150.00",
        "filename": "AI_Content_Rewriter.zip",
        "languages": [],
        "category": "SaaS Templates"
    },
    {
        "id": "ai_cover_letter_generator",
        "title": "AI Cover Letter Generator",
        "description": {
            "en": "Ready-to-deploy micro-SaaS template.",
            "es": "Plantilla micro-SaaS lista para implementar.",
            "fr": "Mod\u00e8le micro-SaaS pr\u00eat \u00e0 d\u00e9ployer."
        },
        "price": "150.00",
        "filename": "AI_Cover_Letter_Generator.zip",
        "languages": [],
        "category": "SaaS Templates"
    },
    {
        "id": "ai_customer_support_bot",
        "title": "AI Customer Support Bot",
        "description": {
            "en": "Ready-to-deploy micro-SaaS template.",
            "es": "Plantilla micro-SaaS lista para implementar.",
            "fr": "Mod\u00e8le micro-SaaS pr\u00eat \u00e0 d\u00e9ployer."
        },
        "price": "150.00",
        "filename": "AI_Customer_Support_Bot.zip",
        "languages": [],
        "category": "SaaS Templates"
    },
    {
        "id": "ai_email_assistant",
        "title": "AI Email Assistant",
        "description": {
            "en": "Ready-to-deploy micro-SaaS template.",
            "es": "Plantilla micro-SaaS lista para implementar.",
            "fr": "Mod\u00e8le micro-SaaS pr\u00eat \u00e0 d\u00e9ployer."
        },
        "price": "150.00",
        "filename": "AI_Email_Assistant.zip",
        "languages": [],
        "category": "SaaS Templates"
    },
    {
        "id": "ai_fake_review_detector",
        "title": "AI Fake Review Detector",
        "description": {
            "en": "Ready-to-deploy micro-SaaS template.",
            "es": "Plantilla micro-SaaS lista para implementar.",
            "fr": "Mod\u00e8le micro-SaaS pr\u00eat \u00e0 d\u00e9ployer."
        },
        "price": "150.00",
        "filename": "AI_Fake_Review_Detector.zip",
        "languages": [],
        "category": "SaaS Templates"
    },
    {
        "id": "ai_fraud_detector",
        "title": "AI Fraud Detector",
        "description": {
            "en": "Ready-to-deploy micro-SaaS template.",
            "es": "Plantilla micro-SaaS lista para implementar.",
            "fr": "Mod\u00e8le micro-SaaS pr\u00eat \u00e0 d\u00e9ployer."
        },
        "price": "150.00",
        "filename": "AI_Fraud_Detector.zip",
        "languages": [],
        "category": "SaaS Templates"
    },
    {
        "id": "ai_hashtag_generator",
        "title": "AI Hashtag Generator",
        "description": {
            "en": "Ready-to-deploy micro-SaaS template.",
            "es": "Plantilla micro-SaaS lista para implementar.",
            "fr": "Mod\u00e8le micro-SaaS pr\u00eat \u00e0 d\u00e9ployer."
        },
        "price": "150.00",
        "filename": "AI_Hashtag_Generator.zip",
        "languages": [],
        "category": "SaaS Templates"
    },
    {
        "id": "ai_image_captioner",
        "title": "AI Image Captioner",
        "description": {
            "en": "Ready-to-deploy micro-SaaS template.",
            "es": "Plantilla micro-SaaS lista para implementar.",
            "fr": "Mod\u00e8le micro-SaaS pr\u00eat \u00e0 d\u00e9ployer."
        },
        "price": "150.00",
        "filename": "AI_Image_Captioner.zip",
        "languages": [],
        "category": "SaaS Templates"
    },
    {
        "id": "ai_interview_prep_tool",
        "title": "AI Interview Prep Tool",
        "description": {
            "en": "Ready-to-deploy micro-SaaS template.",
            "es": "Plantilla micro-SaaS lista para implementar.",
            "fr": "Mod\u00e8le micro-SaaS pr\u00eat \u00e0 d\u00e9ployer."
        },
        "price": "150.00",
        "filename": "AI_Interview_Prep_Tool.zip",
        "languages": [],
        "category": "SaaS Templates"
    },
    {
        "id": "ai_job_matcher",
        "title": "AI Job Matcher",
        "description": {
            "en": "Ready-to-deploy micro-SaaS template.",
            "es": "Plantilla micro-SaaS lista para implementar.",
            "fr": "Mod\u00e8le micro-SaaS pr\u00eat \u00e0 d\u00e9ployer."
        },
        "price": "150.00",
        "filename": "AI_Job_Matcher.zip",
        "languages": [],
        "category": "SaaS Templates"
    },
    {
        "id": "ai_learning_planner",
        "title": "AI Learning Planner",
        "description": {
            "en": "Ready-to-deploy micro-SaaS template.",
            "es": "Plantilla micro-SaaS lista para implementar.",
            "fr": "Mod\u00e8le micro-SaaS pr\u00eat \u00e0 d\u00e9ployer."
        },
        "price": "150.00",
        "filename": "AI_Learning_Planner.zip",
        "languages": [],
        "category": "SaaS Templates"
    },
    {
        "id": "ai_logo_generator",
        "title": "AI Logo Generator",
        "description": {
            "en": "Ready-to-deploy micro-SaaS template.",
            "es": "Plantilla micro-SaaS lista para implementar.",
            "fr": "Mod\u00e8le micro-SaaS pr\u00eat \u00e0 d\u00e9ployer."
        },
        "price": "150.00",
        "filename": "AI_Logo_Generator.zip",
        "languages": [],
        "category": "SaaS Templates"
    },
    {
        "id": "ai_meeting_summarizer",
        "title": "AI Meeting Summarizer",
        "description": {
            "en": "Ready-to-deploy micro-SaaS template.",
            "es": "Plantilla micro-SaaS lista para implementar.",
            "fr": "Mod\u00e8le micro-SaaS pr\u00eat \u00e0 d\u00e9ployer."
        },
        "price": "150.00",
        "filename": "AI_Meeting_Summarizer.zip",
        "languages": [],
        "category": "SaaS Templates"
    },
    {
        "id": "ai_product_description_writer",
        "title": "AI Product Description Writer",
        "description": {
            "en": "Ready-to-deploy micro-SaaS template.",
            "es": "Plantilla micro-SaaS lista para implementar.",
            "fr": "Mod\u00e8le micro-SaaS pr\u00eat \u00e0 d\u00e9ployer."
        },
        "price": "150.00",
        "filename": "AI_Product_Description_Writer.zip",
        "languages": [],
        "category": "SaaS Templates"
    },
    {
        "id": "ai_quiz_generator",
        "title": "AI Quiz Generator",
        "description": {
            "en": "Ready-to-deploy micro-SaaS template.",
            "es": "Plantilla micro-SaaS lista para implementar.",
            "fr": "Mod\u00e8le micro-SaaS pr\u00eat \u00e0 d\u00e9ployer."
        },
        "price": "150.00",
        "filename": "AI_Quiz_Generator.zip",
        "languages": [],
        "category": "SaaS Templates"
    },
    {
        "id": "ai_resume_analyzer",
        "title": "AI Resume Analyzer",
        "description": {
            "en": "Ready-to-deploy micro-SaaS template.",
            "es": "Plantilla micro-SaaS lista para implementar.",
            "fr": "Mod\u00e8le micro-SaaS pr\u00eat \u00e0 d\u00e9ployer."
        },
        "price": "150.00",
        "filename": "AI_Resume_Analyzer.zip",
        "languages": [],
        "category": "SaaS Templates"
    },
    {
        "id": "ai_resume_builder",
        "title": "AI Resume Builder",
        "description": {
            "en": "Ready-to-deploy micro-SaaS template.",
            "es": "Plantilla micro-SaaS lista para implementar.",
            "fr": "Mod\u00e8le micro-SaaS pr\u00eat \u00e0 d\u00e9ployer."
        },
        "price": "150.00",
        "filename": "AI_Resume_Builder.zip",
        "languages": [],
        "category": "SaaS Templates"
    },
    {
        "id": "ai_sentiment_analyzer",
        "title": "AI Sentiment Analyzer",
        "description": {
            "en": "Ready-to-deploy micro-SaaS template.",
            "es": "Plantilla micro-SaaS lista para implementar.",
            "fr": "Mod\u00e8le micro-SaaS pr\u00eat \u00e0 d\u00e9ployer."
        },
        "price": "150.00",
        "filename": "AI_Sentiment_Analyzer.zip",
        "languages": [],
        "category": "SaaS Templates"
    },
    {
        "id": "ai_seo_analyzer",
        "title": "AI SEO Analyzer",
        "description": {
            "en": "Ready-to-deploy micro-SaaS template.",
            "es": "Plantilla micro-SaaS lista para implementar.",
            "fr": "Mod\u00e8le micro-SaaS pr\u00eat \u00e0 d\u00e9ployer."
        },
        "price": "150.00",
        "filename": "AI_SEO_Analyzer.zip",
        "languages": [],
        "category": "SaaS Templates"
    },
    {
        "id": "ai_stock_predictor",
        "title": "AI Stock Predictor",
        "description": {
            "en": "Ready-to-deploy micro-SaaS template.",
            "es": "Plantilla micro-SaaS lista para implementar.",
            "fr": "Mod\u00e8le micro-SaaS pr\u00eat \u00e0 d\u00e9ployer."
        },
        "price": "150.00",
        "filename": "AI_Stock_Predictor.zip",
        "languages": [],
        "category": "SaaS Templates"
    },
    {
        "id": "ai_study_assistant",
        "title": "AI Study Assistant",
        "description": {
            "en": "Ready-to-deploy micro-SaaS template.",
            "es": "Plantilla micro-SaaS lista para implementar.",
            "fr": "Mod\u00e8le micro-SaaS pr\u00eat \u00e0 d\u00e9ployer."
        },
        "price": "150.00",
        "filename": "AI_Study_Assistant.zip",
        "languages": [],
        "category": "SaaS Templates"
    },
    {
        "id": "ai_survey_analyzer",
        "title": "AI Survey Analyzer",
        "description": {
            "en": "Ready-to-deploy micro-SaaS template.",
            "es": "Plantilla micro-SaaS lista para implementar.",
            "fr": "Mod\u00e8le micro-SaaS pr\u00eat \u00e0 d\u00e9ployer."
        },
        "price": "150.00",
        "filename": "AI_Survey_Analyzer.zip",
        "languages": [],
        "category": "SaaS Templates"
    },
    {
        "id": "ai_text_classifier",
        "title": "AI Text Classifier",
        "description": {
            "en": "Ready-to-deploy micro-SaaS template.",
            "es": "Plantilla micro-SaaS lista para implementar.",
            "fr": "Mod\u00e8le micro-SaaS pr\u00eat \u00e0 d\u00e9ployer."
        },
        "price": "150.00",
        "filename": "AI_Text_Classifier.zip",
        "languages": [],
        "category": "SaaS Templates"
    },
    {
        "id": "ai_translation_tool",
        "title": "AI Translation Tool",
        "description": {
            "en": "Ready-to-deploy micro-SaaS template.",
            "es": "Plantilla micro-SaaS lista para implementar.",
            "fr": "Mod\u00e8le micro-SaaS pr\u00eat \u00e0 d\u00e9ployer."
        },
        "price": "150.00",
        "filename": "AI_Translation_Tool.zip",
        "languages": [],
        "category": "SaaS Templates"
    },
    {
        "id": "ai_video_script_generator",
        "title": "AI Video Script Generator",
        "description": {
            "en": "Ready-to-deploy micro-SaaS template.",
            "es": "Plantilla micro-SaaS lista para implementar.",
            "fr": "Mod\u00e8le micro-SaaS pr\u00eat \u00e0 d\u00e9ployer."
        },
        "price": "150.00",
        "filename": "AI_Video_Script_Generator.zip",
        "languages": [],
        "category": "SaaS Templates"
    },
    {
        "id": "ai_voice_assistant",
        "title": "AI Voice Assistant",
        "description": {
            "en": "Ready-to-deploy micro-SaaS template.",
            "es": "Plantilla micro-SaaS lista para implementar.",
            "fr": "Mod\u00e8le micro-SaaS pr\u00eat \u00e0 d\u00e9ployer."
        },
        "price": "150.00",
        "filename": "AI_Voice_Assistant.zip",
        "languages": [],
        "category": "SaaS Templates"
    },
    {
        "id": "ai_white-label_tool",
        "title": "AI White-Label Tool",
        "description": {
            "en": "Ready-to-deploy micro-SaaS template.",
            "es": "Plantilla micro-SaaS lista para implementar.",
            "fr": "Mod\u00e8le micro-SaaS pr\u00eat \u00e0 d\u00e9ployer."
        },
        "price": "150.00",
        "filename": "AI_White-Label_Tool.zip",
        "languages": [],
        "category": "SaaS Templates"
    },
    {
        "id": "amazon_price_scraper",
        "title": "Amazon Price Scraper",
        "description": {
            "en": "Ready-to-deploy micro-SaaS template.",
            "es": "Plantilla micro-SaaS lista para implementar.",
            "fr": "Mod\u00e8le micro-SaaS pr\u00eat \u00e0 d\u00e9ployer."
        },
        "price": "150.00",
        "filename": "Amazon_Price_Scraper.zip",
        "languages": [],
        "category": "SaaS Templates"
    },
    {
        "id": "api_endpoint_tester",
        "title": "API Endpoint Tester",
        "description": {
            "en": "Ready-to-deploy micro-SaaS template.",
            "es": "Plantilla micro-SaaS lista para implementar.",
            "fr": "Mod\u00e8le micro-SaaS pr\u00eat \u00e0 d\u00e9ployer."
        },
        "price": "150.00",
        "filename": "API_Endpoint_Tester.zip",
        "languages": [],
        "category": "SaaS Templates"
    },
    {
        "id": "appointment_reminder",
        "title": "Appointment Reminder",
        "description": {
            "en": "Ready-to-deploy micro-SaaS template.",
            "es": "Plantilla micro-SaaS lista para implementar.",
            "fr": "Mod\u00e8le micro-SaaS pr\u00eat \u00e0 d\u00e9ployer."
        },
        "price": "150.00",
        "filename": "Appointment_Reminder.zip",
        "languages": [],
        "category": "SaaS Templates"
    },
    {
        "id": "appointment_scheduler",
        "title": "Appointment Scheduler",
        "description": {
            "en": "Ready-to-deploy micro-SaaS template.",
            "es": "Plantilla micro-SaaS lista para implementar.",
            "fr": "Mod\u00e8le micro-SaaS pr\u00eat \u00e0 d\u00e9ployer."
        },
        "price": "150.00",
        "filename": "Appointment_Scheduler.zip",
        "languages": [],
        "category": "SaaS Templates"
    },
    {
        "id": "approval_system",
        "title": "Approval System",
        "description": {
            "en": "Ready-to-deploy micro-SaaS template.",
            "es": "Plantilla micro-SaaS lista para implementar.",
            "fr": "Mod\u00e8le micro-SaaS pr\u00eat \u00e0 d\u00e9ployer."
        },
        "price": "150.00",
        "filename": "Approval_System.zip",
        "languages": [],
        "category": "SaaS Templates"
    },
    {
        "id": "attendance_system",
        "title": "Attendance System",
        "description": {
            "en": "Ready-to-deploy micro-SaaS template.",
            "es": "Plantilla micro-SaaS lista para implementar.",
            "fr": "Mod\u00e8le micro-SaaS pr\u00eat \u00e0 d\u00e9ployer."
        },
        "price": "150.00",
        "filename": "Attendance_System.zip",
        "languages": [],
        "category": "SaaS Templates"
    },
    {
        "id": "background_remover_ai",
        "title": "Background Remover AI",
        "description": {
            "en": "Ready-to-deploy micro-SaaS template.",
            "es": "Plantilla micro-SaaS lista para implementar.",
            "fr": "Mod\u00e8le micro-SaaS pr\u00eat \u00e0 d\u00e9ployer."
        },
        "price": "150.00",
        "filename": "Background_Remover_AI.zip",
        "languages": [],
        "category": "SaaS Templates"
    },
    {
        "id": "barcode_scanner_web",
        "title": "Barcode Scanner Web",
        "description": {
            "en": "Ready-to-deploy micro-SaaS template.",
            "es": "Plantilla micro-SaaS lista para implementar.",
            "fr": "Mod\u00e8le micro-SaaS pr\u00eat \u00e0 d\u00e9ployer."
        },
        "price": "150.00",
        "filename": "Barcode_Scanner_Web.zip",
        "languages": [],
        "category": "SaaS Templates"
    },
    {
        "id": "billing_system",
        "title": "Billing System",
        "description": {
            "en": "Ready-to-deploy micro-SaaS template.",
            "es": "Plantilla micro-SaaS lista para implementar.",
            "fr": "Mod\u00e8le micro-SaaS pr\u00eat \u00e0 d\u00e9ployer."
        },
        "price": "150.00",
        "filename": "Billing_System.zip",
        "languages": [],
        "category": "SaaS Templates"
    },
    {
        "id": "bitcoin_trend_predictor",
        "title": "Bitcoin Trend Predictor",
        "description": {
            "en": "Ready-to-deploy micro-SaaS template.",
            "es": "Plantilla micro-SaaS lista para implementar.",
            "fr": "Mod\u00e8le micro-SaaS pr\u00eat \u00e0 d\u00e9ployer."
        },
        "price": "150.00",
        "filename": "Bitcoin_Trend_Predictor.zip",
        "languages": [],
        "category": "SaaS Templates"
    },
    {
        "id": "budget_planner",
        "title": "Budget Planner",
        "description": {
            "en": "Ready-to-deploy micro-SaaS template.",
            "es": "Plantilla micro-SaaS lista para implementar.",
            "fr": "Mod\u00e8le micro-SaaS pr\u00eat \u00e0 d\u00e9ployer."
        },
        "price": "150.00",
        "filename": "Budget_Planner.zip",
        "languages": [],
        "category": "SaaS Templates"
    },
    {
        "id": "business_analytics_tool",
        "title": "Business Analytics Tool",
        "description": {
            "en": "Ready-to-deploy micro-SaaS template.",
            "es": "Plantilla micro-SaaS lista para implementar.",
            "fr": "Mod\u00e8le micro-SaaS pr\u00eat \u00e0 d\u00e9ployer."
        },
        "price": "150.00",
        "filename": "Business_Analytics_Tool.zip",
        "languages": [],
        "category": "SaaS Templates"
    },
    {
        "id": "business_chat_app",
        "title": "Business Chat App",
        "description": {
            "en": "Ready-to-deploy micro-SaaS template.",
            "es": "Plantilla micro-SaaS lista para implementar.",
            "fr": "Mod\u00e8le micro-SaaS pr\u00eat \u00e0 d\u00e9ployer."
        },
        "price": "150.00",
        "filename": "Business_Chat_App.zip",
        "languages": [],
        "category": "SaaS Templates"
    },
    {
        "id": "business_dashboard",
        "title": "Business Dashboard",
        "description": {
            "en": "Ready-to-deploy micro-SaaS template.",
            "es": "Plantilla micro-SaaS lista para implementar.",
            "fr": "Mod\u00e8le micro-SaaS pr\u00eat \u00e0 d\u00e9ployer."
        },
        "price": "150.00",
        "filename": "Business_Dashboard.zip",
        "languages": [],
        "category": "SaaS Templates"
    },
    {
        "id": "cash_flow_analyzer",
        "title": "Cash Flow Analyzer",
        "description": {
            "en": "Ready-to-deploy micro-SaaS template.",
            "es": "Plantilla micro-SaaS lista para implementar.",
            "fr": "Mod\u00e8le micro-SaaS pr\u00eat \u00e0 d\u00e9ployer."
        },
        "price": "150.00",
        "filename": "Cash_Flow_Analyzer.zip",
        "languages": [],
        "category": "SaaS Templates"
    },
    {
        "id": "casino_odds_simulator",
        "title": "Casino Odds Simulator",
        "description": {
            "en": "Ready-to-deploy micro-SaaS template.",
            "es": "Plantilla micro-SaaS lista para implementar.",
            "fr": "Mod\u00e8le micro-SaaS pr\u00eat \u00e0 d\u00e9ployer."
        },
        "price": "150.00",
        "filename": "Casino_Odds_Simulator.zip",
        "languages": [],
        "category": "SaaS Templates"
    },
    {
        "id": "chess_bot_engine",
        "title": "Chess Bot Engine",
        "description": {
            "en": "Ready-to-deploy micro-SaaS template.",
            "es": "Plantilla micro-SaaS lista para implementar.",
            "fr": "Mod\u00e8le micro-SaaS pr\u00eat \u00e0 d\u00e9ployer."
        },
        "price": "150.00",
        "filename": "Chess_Bot_Engine.zip",
        "languages": [],
        "category": "SaaS Templates"
    },
    {
        "id": "citation_generator",
        "title": "Citation Generator",
        "description": {
            "en": "Ready-to-deploy micro-SaaS template.",
            "es": "Plantilla micro-SaaS lista para implementar.",
            "fr": "Mod\u00e8le micro-SaaS pr\u00eat \u00e0 d\u00e9ployer."
        },
        "price": "150.00",
        "filename": "Citation_Generator.zip",
        "languages": [],
        "category": "SaaS Templates"
    },
    {
        "id": "coding_syntax_highlighter",
        "title": "Coding Syntax Highlighter",
        "description": {
            "en": "Ready-to-deploy micro-SaaS template.",
            "es": "Plantilla micro-SaaS lista para implementar.",
            "fr": "Mod\u00e8le micro-SaaS pr\u00eat \u00e0 d\u00e9ployer."
        },
        "price": "150.00",
        "filename": "Coding_Syntax_Highlighter.zip",
        "languages": [],
        "category": "SaaS Templates"
    },
    {
        "id": "color_palette_generator",
        "title": "Color Palette Generator",
        "description": {
            "en": "Ready-to-deploy micro-SaaS template.",
            "es": "Plantilla micro-SaaS lista para implementar.",
            "fr": "Mod\u00e8le micro-SaaS pr\u00eat \u00e0 d\u00e9ployer."
        },
        "price": "150.00",
        "filename": "Color_Palette_Generator.zip",
        "languages": [],
        "category": "SaaS Templates"
    },
    {
        "id": "competitor_price_monitor",
        "title": "Competitor Price Monitor",
        "description": {
            "en": "Ready-to-deploy micro-SaaS template.",
            "es": "Plantilla micro-SaaS lista para implementar.",
            "fr": "Mod\u00e8le micro-SaaS pr\u00eat \u00e0 d\u00e9ployer."
        },
        "price": "150.00",
        "filename": "Competitor_Price_Monitor.zip",
        "languages": [],
        "category": "SaaS Templates"
    },
    {
        "id": "contract_manager",
        "title": "Contract Manager",
        "description": {
            "en": "Ready-to-deploy micro-SaaS template.",
            "es": "Plantilla micro-SaaS lista para implementar.",
            "fr": "Mod\u00e8le micro-SaaS pr\u00eat \u00e0 d\u00e9ployer."
        },
        "price": "150.00",
        "filename": "Contract_Manager.zip",
        "languages": [],
        "category": "SaaS Templates"
    },
    {
        "id": "crm_mini",
        "title": "CRM Mini",
        "description": {
            "en": "Ready-to-deploy micro-SaaS template.",
            "es": "Plantilla micro-SaaS lista para implementar.",
            "fr": "Mod\u00e8le micro-SaaS pr\u00eat \u00e0 d\u00e9ployer."
        },
        "price": "150.00",
        "filename": "CRM_Mini.zip",
        "languages": [],
        "category": "SaaS Templates"
    },
    {
        "id": "crm_white-label",
        "title": "CRM White-Label",
        "description": {
            "en": "Ready-to-deploy micro-SaaS template.",
            "es": "Plantilla micro-SaaS lista para implementar.",
            "fr": "Mod\u00e8le micro-SaaS pr\u00eat \u00e0 d\u00e9ployer."
        },
        "price": "150.00",
        "filename": "CRM_White-Label.zip",
        "languages": [],
        "category": "SaaS Templates"
    },
    {
        "id": "cron_job_generator",
        "title": "Cron Job Generator",
        "description": {
            "en": "Ready-to-deploy micro-SaaS template.",
            "es": "Plantilla micro-SaaS lista para implementar.",
            "fr": "Mod\u00e8le micro-SaaS pr\u00eat \u00e0 d\u00e9ployer."
        },
        "price": "150.00",
        "filename": "Cron_Job_Generator.zip",
        "languages": [],
        "category": "SaaS Templates"
    },
    {
        "id": "crypto_arbitrage_scanner",
        "title": "Crypto Arbitrage Scanner",
        "description": {
            "en": "Ready-to-deploy micro-SaaS template.",
            "es": "Plantilla micro-SaaS lista para implementar.",
            "fr": "Mod\u00e8le micro-SaaS pr\u00eat \u00e0 d\u00e9ployer."
        },
        "price": "150.00",
        "filename": "Crypto_Arbitrage_Scanner.zip",
        "languages": [],
        "category": "SaaS Templates"
    },
    {
        "id": "css_minifier_tool",
        "title": "CSS Minifier Tool",
        "description": {
            "en": "Ready-to-deploy micro-SaaS template.",
            "es": "Plantilla micro-SaaS lista para implementar.",
            "fr": "Mod\u00e8le micro-SaaS pr\u00eat \u00e0 d\u00e9ployer."
        },
        "price": "150.00",
        "filename": "CSS_Minifier_Tool.zip",
        "languages": [],
        "category": "SaaS Templates"
    },
    {
        "id": "customer_database",
        "title": "Customer Database",
        "description": {
            "en": "Ready-to-deploy micro-SaaS template.",
            "es": "Plantilla micro-SaaS lista para implementar.",
            "fr": "Mod\u00e8le micro-SaaS pr\u00eat \u00e0 d\u00e9ployer."
        },
        "price": "150.00",
        "filename": "Customer_Database.zip",
        "languages": [],
        "category": "SaaS Templates"
    },
    {
        "id": "defi_yield_calculator",
        "title": "DeFi Yield Calculator",
        "description": {
            "en": "Ready-to-deploy micro-SaaS template.",
            "es": "Plantilla micro-SaaS lista para implementar.",
            "fr": "Mod\u00e8le micro-SaaS pr\u00eat \u00e0 d\u00e9ployer."
        },
        "price": "150.00",
        "filename": "DeFi_Yield_Calculator.zip",
        "languages": [],
        "category": "SaaS Templates"
    },
    {
        "id": "discord_mod_bot",
        "title": "Discord Mod Bot",
        "description": {
            "en": "Ready-to-deploy micro-SaaS template.",
            "es": "Plantilla micro-SaaS lista para implementar.",
            "fr": "Mod\u00e8le micro-SaaS pr\u00eat \u00e0 d\u00e9ployer."
        },
        "price": "150.00",
        "filename": "Discord_Mod_Bot.zip",
        "languages": [],
        "category": "SaaS Templates"
    },
    {
        "id": "discord_music_bot",
        "title": "Discord Music Bot",
        "description": {
            "en": "Ready-to-deploy micro-SaaS template.",
            "es": "Plantilla micro-SaaS lista para implementar.",
            "fr": "Mod\u00e8le micro-SaaS pr\u00eat \u00e0 d\u00e9ployer."
        },
        "price": "150.00",
        "filename": "Discord_Music_Bot.zip",
        "languages": [],
        "category": "SaaS Templates"
    },
    {
        "id": "discord_rpg_bot",
        "title": "Discord RPG Bot",
        "description": {
            "en": "Ready-to-deploy micro-SaaS template.",
            "es": "Plantilla micro-SaaS lista para implementar.",
            "fr": "Mod\u00e8le micro-SaaS pr\u00eat \u00e0 d\u00e9ployer."
        },
        "price": "150.00",
        "filename": "Discord_RPG_Bot.zip",
        "languages": [],
        "category": "SaaS Templates"
    },
    {
        "id": "docker_compose_generator",
        "title": "Docker Compose Generator",
        "description": {
            "en": "Ready-to-deploy micro-SaaS template.",
            "es": "Plantilla micro-SaaS lista para implementar.",
            "fr": "Mod\u00e8le micro-SaaS pr\u00eat \u00e0 d\u00e9ployer."
        },
        "price": "150.00",
        "filename": "Docker_Compose_Generator.zip",
        "languages": [],
        "category": "SaaS Templates"
    },
    {
        "id": "document_generator",
        "title": "Document Generator",
        "description": {
            "en": "Ready-to-deploy micro-SaaS template.",
            "es": "Plantilla micro-SaaS lista para implementar.",
            "fr": "Mod\u00e8le micro-SaaS pr\u00eat \u00e0 d\u00e9ployer."
        },
        "price": "150.00",
        "filename": "Document_Generator.zip",
        "languages": [],
        "category": "SaaS Templates"
    },
    {
        "id": "dummy_data_generator",
        "title": "Dummy Data Generator",
        "description": {
            "en": "Ready-to-deploy micro-SaaS template.",
            "es": "Plantilla micro-SaaS lista para implementar.",
            "fr": "Mod\u00e8le micro-SaaS pr\u00eat \u00e0 d\u00e9ployer."
        },
        "price": "150.00",
        "filename": "Dummy_Data_Generator.zip",
        "languages": [],
        "category": "SaaS Templates"
    },
    {
        "id": "email_extractor_pro",
        "title": "Email Extractor Pro",
        "description": {
            "en": "Ready-to-deploy micro-SaaS template.",
            "es": "Plantilla micro-SaaS lista para implementar.",
            "fr": "Mod\u00e8le micro-SaaS pr\u00eat \u00e0 d\u00e9ployer."
        },
        "price": "150.00",
        "filename": "Email_Extractor_Pro.zip",
        "languages": [],
        "category": "SaaS Templates"
    },
    {
        "id": "employee_portal",
        "title": "Employee Portal",
        "description": {
            "en": "Ready-to-deploy micro-SaaS template.",
            "es": "Plantilla micro-SaaS lista para implementar.",
            "fr": "Mod\u00e8le micro-SaaS pr\u00eat \u00e0 d\u00e9ployer."
        },
        "price": "150.00",
        "filename": "Employee_Portal.zip",
        "languages": [],
        "category": "SaaS Templates"
    },
    {
        "id": "essay_structure_analyzer",
        "title": "Essay Structure Analyzer",
        "description": {
            "en": "Ready-to-deploy micro-SaaS template.",
            "es": "Plantilla micro-SaaS lista para implementar.",
            "fr": "Mod\u00e8le micro-SaaS pr\u00eat \u00e0 d\u00e9ployer."
        },
        "price": "150.00",
        "filename": "Essay_Structure_Analyzer.zip",
        "languages": [],
        "category": "SaaS Templates"
    },
    {
        "id": "expense_approval_tool",
        "title": "Expense Approval Tool",
        "description": {
            "en": "Ready-to-deploy micro-SaaS template.",
            "es": "Plantilla micro-SaaS lista para implementar.",
            "fr": "Mod\u00e8le micro-SaaS pr\u00eat \u00e0 d\u00e9ployer."
        },
        "price": "150.00",
        "filename": "Expense_Approval_Tool.zip",
        "languages": [],
        "category": "SaaS Templates"
    },
    {
        "id": "expense_categorizer_ai",
        "title": "Expense Categorizer AI",
        "description": {
            "en": "Ready-to-deploy micro-SaaS template.",
            "es": "Plantilla micro-SaaS lista para implementar.",
            "fr": "Mod\u00e8le micro-SaaS pr\u00eat \u00e0 d\u00e9ployer."
        },
        "price": "150.00",
        "filename": "Expense_Categorizer_AI.zip",
        "languages": [],
        "category": "SaaS Templates"
    },
    {
        "id": "expense_tracker",
        "title": "Expense Tracker",
        "description": {
            "en": "Ready-to-deploy micro-SaaS template.",
            "es": "Plantilla micro-SaaS lista para implementar.",
            "fr": "Mod\u00e8le micro-SaaS pr\u00eat \u00e0 d\u00e9ployer."
        },
        "price": "150.00",
        "filename": "Expense_Tracker.zip",
        "languages": [],
        "category": "SaaS Templates"
    },
    {
        "id": "facebook_marketplace_bot",
        "title": "Facebook Marketplace Bot",
        "description": {
            "en": "Ready-to-deploy micro-SaaS template.",
            "es": "Plantilla micro-SaaS lista para implementar.",
            "fr": "Mod\u00e8le micro-SaaS pr\u00eat \u00e0 d\u00e9ployer."
        },
        "price": "150.00",
        "filename": "Facebook_Marketplace_Bot.zip",
        "languages": [],
        "category": "SaaS Templates"
    },
    {
        "id": "feedback_tool",
        "title": "Feedback Tool",
        "description": {
            "en": "Ready-to-deploy micro-SaaS template.",
            "es": "Plantilla micro-SaaS lista para implementar.",
            "fr": "Mod\u00e8le micro-SaaS pr\u00eat \u00e0 d\u00e9ployer."
        },
        "price": "150.00",
        "filename": "Feedback_Tool.zip",
        "languages": [],
        "category": "SaaS Templates"
    },
    {
        "id": "file_format_converter",
        "title": "File Format Converter",
        "description": {
            "en": "Ready-to-deploy micro-SaaS template.",
            "es": "Plantilla micro-SaaS lista para implementar.",
            "fr": "Mod\u00e8le micro-SaaS pr\u00eat \u00e0 d\u00e9ployer."
        },
        "price": "150.00",
        "filename": "File_Format_Converter.zip",
        "languages": [],
        "category": "SaaS Templates"
    },
    {
        "id": "flashcard_generator",
        "title": "Flashcard Generator",
        "description": {
            "en": "Ready-to-deploy micro-SaaS template.",
            "es": "Plantilla micro-SaaS lista para implementar.",
            "fr": "Mod\u00e8le micro-SaaS pr\u00eat \u00e0 d\u00e9ployer."
        },
        "price": "150.00",
        "filename": "Flashcard_Generator.zip",
        "languages": [],
        "category": "SaaS Templates"
    },
    {
        "id": "forex_trading_bot",
        "title": "Forex Trading Bot",
        "description": {
            "en": "Ready-to-deploy micro-SaaS template.",
            "es": "Plantilla micro-SaaS lista para implementar.",
            "fr": "Mod\u00e8le micro-SaaS pr\u00eat \u00e0 d\u00e9ployer."
        },
        "price": "150.00",
        "filename": "Forex_Trading_Bot.zip",
        "languages": [],
        "category": "SaaS Templates"
    },
    {
        "id": "git_conflict_solver",
        "title": "Git Conflict Solver",
        "description": {
            "en": "Ready-to-deploy micro-SaaS template.",
            "es": "Plantilla micro-SaaS lista para implementar.",
            "fr": "Mod\u00e8le micro-SaaS pr\u00eat \u00e0 d\u00e9ployer."
        },
        "price": "150.00",
        "filename": "Git_Conflict_Solver.zip",
        "languages": [],
        "category": "SaaS Templates"
    },
    {
        "id": "google_maps_extractor",
        "title": "Google Maps Extractor",
        "description": {
            "en": "Ready-to-deploy micro-SaaS template.",
            "es": "Plantilla micro-SaaS lista para implementar.",
            "fr": "Mod\u00e8le micro-SaaS pr\u00eat \u00e0 d\u00e9ployer."
        },
        "price": "150.00",
        "filename": "Google_Maps_Extractor.zip",
        "languages": [],
        "category": "SaaS Templates"
    },
    {
        "id": "history_timeline_builder",
        "title": "History Timeline Builder",
        "description": {
            "en": "Ready-to-deploy micro-SaaS template.",
            "es": "Plantilla micro-SaaS lista para implementar.",
            "fr": "Mod\u00e8le micro-SaaS pr\u00eat \u00e0 d\u00e9ployer."
        },
        "price": "150.00",
        "filename": "History_Timeline_Builder.zip",
        "languages": [],
        "category": "SaaS Templates"
    },
    {
        "id": "image_optimizer_cli",
        "title": "Image Optimizer CLI",
        "description": {
            "en": "Ready-to-deploy micro-SaaS template.",
            "es": "Plantilla micro-SaaS lista para implementar.",
            "fr": "Mod\u00e8le micro-SaaS pr\u00eat \u00e0 d\u00e9ployer."
        },
        "price": "150.00",
        "filename": "Image_Optimizer_CLI.zip",
        "languages": [],
        "category": "SaaS Templates"
    },
    {
        "id": "instagram_dm_autoresponse",
        "title": "Instagram DM Autoresponse",
        "description": {
            "en": "Ready-to-deploy micro-SaaS template.",
            "es": "Plantilla micro-SaaS lista para implementar.",
            "fr": "Mod\u00e8le micro-SaaS pr\u00eat \u00e0 d\u00e9ployer."
        },
        "price": "150.00",
        "filename": "Instagram_DM_Autoresponse.zip",
        "languages": [],
        "category": "SaaS Templates"
    },
    {
        "id": "instagram_image_downloader",
        "title": "Instagram Image Downloader",
        "description": {
            "en": "Ready-to-deploy micro-SaaS template.",
            "es": "Plantilla micro-SaaS lista para implementar.",
            "fr": "Mod\u00e8le micro-SaaS pr\u00eat \u00e0 d\u00e9ployer."
        },
        "price": "150.00",
        "filename": "Instagram_Image_Downloader.zip",
        "languages": [],
        "category": "SaaS Templates"
    },
    {
        "id": "inventory_manager",
        "title": "Inventory Manager",
        "description": {
            "en": "Ready-to-deploy micro-SaaS template.",
            "es": "Plantilla micro-SaaS lista para implementar.",
            "fr": "Mod\u00e8le micro-SaaS pr\u00eat \u00e0 d\u00e9ployer."
        },
        "price": "150.00",
        "filename": "Inventory_Manager.zip",
        "languages": [],
        "category": "SaaS Templates"
    },
    {
        "id": "invoice_generator",
        "title": "Invoice Generator",
        "description": {
            "en": "Ready-to-deploy micro-SaaS template.",
            "es": "Plantilla micro-SaaS lista para implementar.",
            "fr": "Mod\u00e8le micro-SaaS pr\u00eat \u00e0 d\u00e9ployer."
        },
        "price": "150.00",
        "filename": "Invoice_Generator.zip",
        "languages": [],
        "category": "SaaS Templates"
    },
    {
        "id": "invoice_reminder_bot",
        "title": "Invoice Reminder Bot",
        "description": {
            "en": "Ready-to-deploy micro-SaaS template.",
            "es": "Plantilla micro-SaaS lista para implementar.",
            "fr": "Mod\u00e8le micro-SaaS pr\u00eat \u00e0 d\u00e9ployer."
        },
        "price": "150.00",
        "filename": "Invoice_Reminder_Bot.zip",
        "languages": [],
        "category": "SaaS Templates"
    },
    {
        "id": "json_validator_tool",
        "title": "JSON Validator Tool",
        "description": {
            "en": "Ready-to-deploy micro-SaaS template.",
            "es": "Plantilla micro-SaaS lista para implementar.",
            "fr": "Mod\u00e8le micro-SaaS pr\u00eat \u00e0 d\u00e9ployer."
        },
        "price": "150.00",
        "filename": "JSON_Validator_Tool.zip",
        "languages": [],
        "category": "SaaS Templates"
    },
    {
        "id": "jwt_decoder_tool",
        "title": "JWT Decoder Tool",
        "description": {
            "en": "Ready-to-deploy micro-SaaS template.",
            "es": "Plantilla micro-SaaS lista para implementar.",
            "fr": "Mod\u00e8le micro-SaaS pr\u00eat \u00e0 d\u00e9ployer."
        },
        "price": "150.00",
        "filename": "JWT_Decoder_Tool.zip",
        "languages": [],
        "category": "SaaS Templates"
    },
    {
        "id": "kpi_tracker",
        "title": "KPI Tracker",
        "description": {
            "en": "Ready-to-deploy micro-SaaS template.",
            "es": "Plantilla micro-SaaS lista para implementar.",
            "fr": "Mod\u00e8le micro-SaaS pr\u00eat \u00e0 d\u00e9ployer."
        },
        "price": "150.00",
        "filename": "KPI_Tracker.zip",
        "languages": [],
        "category": "SaaS Templates"
    },
    {
        "id": "language_vocab_builder",
        "title": "Language Vocab Builder",
        "description": {
            "en": "Ready-to-deploy micro-SaaS template.",
            "es": "Plantilla micro-SaaS lista para implementar.",
            "fr": "Mod\u00e8le micro-SaaS pr\u00eat \u00e0 d\u00e9ployer."
        },
        "price": "150.00",
        "filename": "Language_Vocab_Builder.zip",
        "languages": [],
        "category": "SaaS Templates"
    },
    {
        "id": "lead_tracker",
        "title": "Lead Tracker",
        "description": {
            "en": "Ready-to-deploy micro-SaaS template.",
            "es": "Plantilla micro-SaaS lista para implementar.",
            "fr": "Mod\u00e8le micro-SaaS pr\u00eat \u00e0 d\u00e9ployer."
        },
        "price": "150.00",
        "filename": "Lead_Tracker.zip",
        "languages": [],
        "category": "SaaS Templates"
    },
    {
        "id": "linkedin_job_scraper",
        "title": "LinkedIn Job Scraper",
        "description": {
            "en": "Ready-to-deploy micro-SaaS template.",
            "es": "Plantilla micro-SaaS lista para implementar.",
            "fr": "Mod\u00e8le micro-SaaS pr\u00eat \u00e0 d\u00e9ployer."
        },
        "price": "150.00",
        "filename": "LinkedIn_Job_Scraper.zip",
        "languages": [],
        "category": "SaaS Templates"
    },
    {
        "id": "link_shortener_service",
        "title": "Link Shortener Service",
        "description": {
            "en": "Ready-to-deploy micro-SaaS template.",
            "es": "Plantilla micro-SaaS lista para implementar.",
            "fr": "Mod\u00e8le micro-SaaS pr\u00eat \u00e0 d\u00e9ployer."
        },
        "price": "150.00",
        "filename": "Link_Shortener_Service.zip",
        "languages": [],
        "category": "SaaS Templates"
    },
    {
        "id": "log_file_analyzer",
        "title": "Log File Analyzer",
        "description": {
            "en": "Ready-to-deploy micro-SaaS template.",
            "es": "Plantilla micro-SaaS lista para implementar.",
            "fr": "Mod\u00e8le micro-SaaS pr\u00eat \u00e0 d\u00e9ployer."
        },
        "price": "150.00",
        "filename": "Log_File_Analyzer.zip",
        "languages": [],
        "category": "SaaS Templates"
    },
    {
        "id": "markdown_to_pdf_converter",
        "title": "Markdown to PDF Converter",
        "description": {
            "en": "Ready-to-deploy micro-SaaS template.",
            "es": "Plantilla micro-SaaS lista para implementar.",
            "fr": "Mod\u00e8le micro-SaaS pr\u00eat \u00e0 d\u00e9ployer."
        },
        "price": "150.00",
        "filename": "Markdown_to_PDF_Converter.zip",
        "languages": [],
        "category": "SaaS Templates"
    },
    {
        "id": "math_problem_solver",
        "title": "Math Problem Solver",
        "description": {
            "en": "Ready-to-deploy micro-SaaS template.",
            "es": "Plantilla micro-SaaS lista para implementar.",
            "fr": "Mod\u00e8le micro-SaaS pr\u00eat \u00e0 d\u00e9ployer."
        },
        "price": "150.00",
        "filename": "Math_Problem_Solver.zip",
        "languages": [],
        "category": "SaaS Templates"
    },
    {
        "id": "meeting_scheduler",
        "title": "Meeting Scheduler",
        "description": {
            "en": "Ready-to-deploy micro-SaaS template.",
            "es": "Plantilla micro-SaaS lista para implementar.",
            "fr": "Mod\u00e8le micro-SaaS pr\u00eat \u00e0 d\u00e9ployer."
        },
        "price": "150.00",
        "filename": "Meeting_Scheduler.zip",
        "languages": [],
        "category": "SaaS Templates"
    },
    {
        "id": "multiplayer_server_core",
        "title": "Multiplayer Server Core",
        "description": {
            "en": "Ready-to-deploy micro-SaaS template.",
            "es": "Plantilla micro-SaaS lista para implementar.",
            "fr": "Mod\u00e8le micro-SaaS pr\u00eat \u00e0 d\u00e9ployer."
        },
        "price": "150.00",
        "filename": "Multiplayer_Server_Core.zip",
        "languages": [],
        "category": "SaaS Templates"
    },
    {
        "id": "news_aggregator_bot",
        "title": "News Aggregator Bot",
        "description": {
            "en": "Ready-to-deploy micro-SaaS template.",
            "es": "Plantilla micro-SaaS lista para implementar.",
            "fr": "Mod\u00e8le micro-SaaS pr\u00eat \u00e0 d\u00e9ployer."
        },
        "price": "150.00",
        "filename": "News_Aggregator_Bot.zip",
        "languages": [],
        "category": "SaaS Templates"
    },
    {
        "id": "nft_rarity_sniper",
        "title": "NFT Rarity Sniper",
        "description": {
            "en": "Ready-to-deploy micro-SaaS template.",
            "es": "Plantilla micro-SaaS lista para implementar.",
            "fr": "Mod\u00e8le micro-SaaS pr\u00eat \u00e0 d\u00e9ployer."
        },
        "price": "150.00",
        "filename": "NFT_Rarity_Sniper.zip",
        "languages": [],
        "category": "SaaS Templates"
    },
    {
        "id": "order_manager",
        "title": "Order Manager",
        "description": {
            "en": "Ready-to-deploy micro-SaaS template.",
            "es": "Plantilla micro-SaaS lista para implementar.",
            "fr": "Mod\u00e8le micro-SaaS pr\u00eat \u00e0 d\u00e9ployer."
        },
        "price": "150.00",
        "filename": "Order_Manager.zip",
        "languages": [],
        "category": "SaaS Templates"
    },
    {
        "id": "password_manager_secure",
        "title": "Password Manager Secure",
        "description": {
            "en": "Ready-to-deploy micro-SaaS template.",
            "es": "Plantilla micro-SaaS lista para implementar.",
            "fr": "Mod\u00e8le micro-SaaS pr\u00eat \u00e0 d\u00e9ployer."
        },
        "price": "150.00",
        "filename": "Password_Manager_Secure.zip",
        "languages": [],
        "category": "SaaS Templates"
    },
    {
        "id": "payroll_calculator",
        "title": "Payroll Calculator",
        "description": {
            "en": "Ready-to-deploy micro-SaaS template.",
            "es": "Plantilla micro-SaaS lista para implementar.",
            "fr": "Mod\u00e8le micro-SaaS pr\u00eat \u00e0 d\u00e9ployer."
        },
        "price": "150.00",
        "filename": "Payroll_Calculator.zip",
        "languages": [],
        "category": "SaaS Templates"
    },
    {
        "id": "pdf_merger_splitter",
        "title": "PDF Merger Splitter",
        "description": {
            "en": "Ready-to-deploy micro-SaaS template.",
            "es": "Plantilla micro-SaaS lista para implementar.",
            "fr": "Mod\u00e8le micro-SaaS pr\u00eat \u00e0 d\u00e9ployer."
        },
        "price": "150.00",
        "filename": "PDF_Merger_Splitter.zip",
        "languages": [],
        "category": "SaaS Templates"
    },
    {
        "id": "periodic_table_explorer",
        "title": "Periodic Table Explorer",
        "description": {
            "en": "Ready-to-deploy micro-SaaS template.",
            "es": "Plantilla micro-SaaS lista para implementar.",
            "fr": "Mod\u00e8le micro-SaaS pr\u00eat \u00e0 d\u00e9ployer."
        },
        "price": "150.00",
        "filename": "Periodic_Table_Explorer.zip",
        "languages": [],
        "category": "SaaS Templates"
    },
    {
        "id": "pinterest_pin_scheduler",
        "title": "Pinterest Pin Scheduler",
        "description": {
            "en": "Ready-to-deploy micro-SaaS template.",
            "es": "Plantilla micro-SaaS lista para implementar.",
            "fr": "Mod\u00e8le micro-SaaS pr\u00eat \u00e0 d\u00e9ployer."
        },
        "price": "150.00",
        "filename": "Pinterest_Pin_Scheduler.zip",
        "languages": [],
        "category": "SaaS Templates"
    },
    {
        "id": "plagiarism_checker_lite",
        "title": "Plagiarism Checker Lite",
        "description": {
            "en": "Ready-to-deploy micro-SaaS template.",
            "es": "Plantilla micro-SaaS lista para implementar.",
            "fr": "Mod\u00e8le micro-SaaS pr\u00eat \u00e0 d\u00e9ployer."
        },
        "price": "150.00",
        "filename": "Plagiarism_Checker_Lite.zip",
        "languages": [],
        "category": "SaaS Templates"
    },
    {
        "id": "portfolio_tracker_dashboard",
        "title": "Portfolio Tracker Dashboard",
        "description": {
            "en": "Ready-to-deploy micro-SaaS template.",
            "es": "Plantilla micro-SaaS lista para implementar.",
            "fr": "Mod\u00e8le micro-SaaS pr\u00eat \u00e0 d\u00e9ployer."
        },
        "price": "150.00",
        "filename": "Portfolio_Tracker_Dashboard.zip",
        "languages": [],
        "category": "SaaS Templates"
    },
    {
        "id": "pos_system",
        "title": "POS System",
        "description": {
            "en": "Ready-to-deploy micro-SaaS template.",
            "es": "Plantilla micro-SaaS lista para implementar.",
            "fr": "Mod\u00e8le micro-SaaS pr\u00eat \u00e0 d\u00e9ployer."
        },
        "price": "150.00",
        "filename": "POS_System.zip",
        "languages": [],
        "category": "SaaS Templates"
    },
    {
        "id": "profit_calculator",
        "title": "Profit Calculator",
        "description": {
            "en": "Ready-to-deploy micro-SaaS template.",
            "es": "Plantilla micro-SaaS lista para implementar.",
            "fr": "Mod\u00e8le micro-SaaS pr\u00eat \u00e0 d\u00e9ployer."
        },
        "price": "150.00",
        "filename": "Profit_Calculator.zip",
        "languages": [],
        "category": "SaaS Templates"
    },
    {
        "id": "project_planner",
        "title": "Project Planner",
        "description": {
            "en": "Ready-to-deploy micro-SaaS template.",
            "es": "Plantilla micro-SaaS lista para implementar.",
            "fr": "Mod\u00e8le micro-SaaS pr\u00eat \u00e0 d\u00e9ployer."
        },
        "price": "150.00",
        "filename": "Project_Planner.zip",
        "languages": [],
        "category": "SaaS Templates"
    },
    {
        "id": "proposal_generator",
        "title": "Proposal Generator",
        "description": {
            "en": "Ready-to-deploy micro-SaaS template.",
            "es": "Plantilla micro-SaaS lista para implementar.",
            "fr": "Mod\u00e8le micro-SaaS pr\u00eat \u00e0 d\u00e9ployer."
        },
        "price": "150.00",
        "filename": "Proposal_Generator.zip",
        "languages": [],
        "category": "SaaS Templates"
    },
    {
        "id": "pygame_platformer_base",
        "title": "Pygame Platformer Base",
        "description": {
            "en": "Ready-to-deploy micro-SaaS template.",
            "es": "Plantilla micro-SaaS lista para implementar.",
            "fr": "Mod\u00e8le micro-SaaS pr\u00eat \u00e0 d\u00e9ployer."
        },
        "price": "150.00",
        "filename": "Pygame_Platformer_Base.zip",
        "languages": [],
        "category": "SaaS Templates"
    },
    {
        "id": "python_virtualenv_manager",
        "title": "Python VirtualEnv Manager",
        "description": {
            "en": "Ready-to-deploy micro-SaaS template.",
            "es": "Plantilla micro-SaaS lista para implementar.",
            "fr": "Mod\u00e8le micro-SaaS pr\u00eat \u00e0 d\u00e9ployer."
        },
        "price": "150.00",
        "filename": "Python_VirtualEnv_Manager.zip",
        "languages": [],
        "category": "SaaS Templates"
    },
    {
        "id": "qr_code_studio",
        "title": "QR Code Studio",
        "description": {
            "en": "Ready-to-deploy micro-SaaS template.",
            "es": "Plantilla micro-SaaS lista para implementar.",
            "fr": "Mod\u00e8le micro-SaaS pr\u00eat \u00e0 d\u00e9ployer."
        },
        "price": "150.00",
        "filename": "QR_Code_Studio.zip",
        "languages": [],
        "category": "SaaS Templates"
    },
    {
        "id": "quiz_master_pro",
        "title": "Quiz Master Pro",
        "description": {
            "en": "Ready-to-deploy micro-SaaS template.",
            "es": "Plantilla micro-SaaS lista para implementar.",
            "fr": "Mod\u00e8le micro-SaaS pr\u00eat \u00e0 d\u00e9ployer."
        },
        "price": "150.00",
        "filename": "Quiz_Master_Pro.zip",
        "languages": [],
        "category": "SaaS Templates"
    },
    {
        "id": "quote_generator",
        "title": "Quote Generator",
        "description": {
            "en": "Ready-to-deploy micro-SaaS template.",
            "es": "Plantilla micro-SaaS lista para implementar.",
            "fr": "Mod\u00e8le micro-SaaS pr\u00eat \u00e0 d\u00e9ployer."
        },
        "price": "150.00",
        "filename": "Quote_Generator.zip",
        "languages": [],
        "category": "SaaS Templates"
    },
    {
        "id": "real_estate_scraper",
        "title": "Real Estate Scraper",
        "description": {
            "en": "Ready-to-deploy micro-SaaS template.",
            "es": "Plantilla micro-SaaS lista para implementar.",
            "fr": "Mod\u00e8le micro-SaaS pr\u00eat \u00e0 d\u00e9ployer."
        },
        "price": "150.00",
        "filename": "Real_Estate_Scraper.zip",
        "languages": [],
        "category": "SaaS Templates"
    },
    {
        "id": "receipt_organizer",
        "title": "Receipt Organizer",
        "description": {
            "en": "Ready-to-deploy micro-SaaS template.",
            "es": "Plantilla micro-SaaS lista para implementar.",
            "fr": "Mod\u00e8le micro-SaaS pr\u00eat \u00e0 d\u00e9ployer."
        },
        "price": "150.00",
        "filename": "Receipt_Organizer.zip",
        "languages": [],
        "category": "SaaS Templates"
    },
    {
        "id": "reddit_marketing_bot",
        "title": "Reddit Marketing Bot",
        "description": {
            "en": "Ready-to-deploy micro-SaaS template.",
            "es": "Plantilla micro-SaaS lista para implementar.",
            "fr": "Mod\u00e8le micro-SaaS pr\u00eat \u00e0 d\u00e9ployer."
        },
        "price": "150.00",
        "filename": "Reddit_Marketing_Bot.zip",
        "languages": [],
        "category": "SaaS Templates"
    },
    {
        "id": "regex_tester_pro",
        "title": "Regex Tester Pro",
        "description": {
            "en": "Ready-to-deploy micro-SaaS template.",
            "es": "Plantilla micro-SaaS lista para implementar.",
            "fr": "Mod\u00e8le micro-SaaS pr\u00eat \u00e0 d\u00e9ployer."
        },
        "price": "150.00",
        "filename": "Regex_Tester_Pro.zip",
        "languages": [],
        "category": "SaaS Templates"
    },
    {
        "id": "retirement_planner_tool",
        "title": "Retirement Planner Tool",
        "description": {
            "en": "Ready-to-deploy micro-SaaS template.",
            "es": "Plantilla micro-SaaS lista para implementar.",
            "fr": "Mod\u00e8le micro-SaaS pr\u00eat \u00e0 d\u00e9ployer."
        },
        "price": "150.00",
        "filename": "Retirement_Planner_Tool.zip",
        "languages": [],
        "category": "SaaS Templates"
    },
    {
        "id": "saas_business_template",
        "title": "SaaS Business Template",
        "description": {
            "en": "Ready-to-deploy micro-SaaS template.",
            "es": "Plantilla micro-SaaS lista para implementar.",
            "fr": "Mod\u00e8le micro-SaaS pr\u00eat \u00e0 d\u00e9ployer."
        },
        "price": "150.00",
        "filename": "SaaS_Business_Template.zip",
        "languages": [],
        "category": "SaaS Templates"
    },
    {
        "id": "sales_tracker",
        "title": "Sales Tracker",
        "description": {
            "en": "Ready-to-deploy micro-SaaS template.",
            "es": "Plantilla micro-SaaS lista para implementar.",
            "fr": "Mod\u00e8le micro-SaaS pr\u00eat \u00e0 d\u00e9ployer."
        },
        "price": "150.00",
        "filename": "Sales_Tracker.zip",
        "languages": [],
        "category": "SaaS Templates"
    },
    {
        "id": "science_formula_calculator",
        "title": "Science Formula Calculator",
        "description": {
            "en": "Ready-to-deploy micro-SaaS template.",
            "es": "Plantilla micro-SaaS lista para implementar.",
            "fr": "Mod\u00e8le micro-SaaS pr\u00eat \u00e0 d\u00e9ployer."
        },
        "price": "150.00",
        "filename": "Science_Formula_Calculator.zip",
        "languages": [],
        "category": "SaaS Templates"
    },
    {
        "id": "slack_daily_standup_bot",
        "title": "Slack Daily Standup Bot",
        "description": {
            "en": "Ready-to-deploy micro-SaaS template.",
            "es": "Plantilla micro-SaaS lista para implementar.",
            "fr": "Mod\u00e8le micro-SaaS pr\u00eat \u00e0 d\u00e9ployer."
        },
        "price": "150.00",
        "filename": "Slack_Daily_Standup_Bot.zip",
        "languages": [],
        "category": "SaaS Templates"
    },
    {
        "id": "sql_query_builder",
        "title": "SQL Query Builder",
        "description": {
            "en": "Ready-to-deploy micro-SaaS template.",
            "es": "Plantilla micro-SaaS lista para implementar.",
            "fr": "Mod\u00e8le micro-SaaS pr\u00eat \u00e0 d\u00e9ployer."
        },
        "price": "150.00",
        "filename": "SQL_Query_Builder.zip",
        "languages": [],
        "category": "SaaS Templates"
    },
    {
        "id": "stock_market_alert_system",
        "title": "Stock Market Alert System",
        "description": {
            "en": "Ready-to-deploy micro-SaaS template.",
            "es": "Plantilla micro-SaaS lista para implementar.",
            "fr": "Mod\u00e8le micro-SaaS pr\u00eat \u00e0 d\u00e9ployer."
        },
        "price": "150.00",
        "filename": "Stock_Market_Alert_System.zip",
        "languages": [],
        "category": "SaaS Templates"
    },
    {
        "id": "subscription_manager",
        "title": "Subscription Manager",
        "description": {
            "en": "Ready-to-deploy micro-SaaS template.",
            "es": "Plantilla micro-SaaS lista para implementar.",
            "fr": "Mod\u00e8le micro-SaaS pr\u00eat \u00e0 d\u00e9ployer."
        },
        "price": "150.00",
        "filename": "Subscription_Manager.zip",
        "languages": [],
        "category": "SaaS Templates"
    },
    {
        "id": "sudoku_solver_ai",
        "title": "Sudoku Solver AI",
        "description": {
            "en": "Ready-to-deploy micro-SaaS template.",
            "es": "Plantilla micro-SaaS lista para implementar.",
            "fr": "Mod\u00e8le micro-SaaS pr\u00eat \u00e0 d\u00e9ployer."
        },
        "price": "150.00",
        "filename": "Sudoku_Solver_AI.zip",
        "languages": [],
        "category": "SaaS Templates"
    },
    {
        "id": "supplier_manager",
        "title": "Supplier Manager",
        "description": {
            "en": "Ready-to-deploy micro-SaaS template.",
            "es": "Plantilla micro-SaaS lista para implementar.",
            "fr": "Mod\u00e8le micro-SaaS pr\u00eat \u00e0 d\u00e9ployer."
        },
        "price": "150.00",
        "filename": "Supplier_Manager.zip",
        "languages": [],
        "category": "SaaS Templates"
    },
    {
        "id": "task_manager",
        "title": "Task Manager",
        "description": {
            "en": "Ready-to-deploy micro-SaaS template.",
            "es": "Plantilla micro-SaaS lista para implementar.",
            "fr": "Mod\u00e8le micro-SaaS pr\u00eat \u00e0 d\u00e9ployer."
        },
        "price": "150.00",
        "filename": "Task_Manager.zip",
        "languages": [],
        "category": "SaaS Templates"
    },
    {
        "id": "tax_estimator_pro",
        "title": "Tax Estimator Pro",
        "description": {
            "en": "Ready-to-deploy micro-SaaS template.",
            "es": "Plantilla micro-SaaS lista para implementar.",
            "fr": "Mod\u00e8le micro-SaaS pr\u00eat \u00e0 d\u00e9ployer."
        },
        "price": "150.00",
        "filename": "Tax_Estimator_Pro.zip",
        "languages": [],
        "category": "SaaS Templates"
    },
    {
        "id": "telegram_crypto_alert_bot",
        "title": "Telegram Crypto Alert Bot",
        "description": {
            "en": "Ready-to-deploy micro-SaaS template.",
            "es": "Plantilla micro-SaaS lista para implementar.",
            "fr": "Mod\u00e8le micro-SaaS pr\u00eat \u00e0 d\u00e9ployer."
        },
        "price": "150.00",
        "filename": "Telegram_Crypto_Alert_Bot.zip",
        "languages": [],
        "category": "SaaS Templates"
    },
    {
        "id": "telegram_file_converter",
        "title": "Telegram File Converter",
        "description": {
            "en": "Ready-to-deploy micro-SaaS template.",
            "es": "Plantilla micro-SaaS lista para implementar.",
            "fr": "Mod\u00e8le micro-SaaS pr\u00eat \u00e0 d\u00e9ployer."
        },
        "price": "150.00",
        "filename": "Telegram_File_Converter.zip",
        "languages": [],
        "category": "SaaS Templates"
    },
    {
        "id": "text_adventure_engine",
        "title": "Text Adventure Engine",
        "description": {
            "en": "Ready-to-deploy micro-SaaS template.",
            "es": "Plantilla micro-SaaS lista para implementar.",
            "fr": "Mod\u00e8le micro-SaaS pr\u00eat \u00e0 d\u00e9ployer."
        },
        "price": "150.00",
        "filename": "Text_Adventure_Engine.zip",
        "languages": [],
        "category": "SaaS Templates"
    },
    {
        "id": "text_to_speech_converter",
        "title": "Text to Speech Converter",
        "description": {
            "en": "Ready-to-deploy micro-SaaS template.",
            "es": "Plantilla micro-SaaS lista para implementar.",
            "fr": "Mod\u00e8le micro-SaaS pr\u00eat \u00e0 d\u00e9ployer."
        },
        "price": "150.00",
        "filename": "Text_to_Speech_Converter.zip",
        "languages": [],
        "category": "SaaS Templates"
    },
    {
        "id": "tiktok_video_savior",
        "title": "TikTok Video Savior",
        "description": {
            "en": "Ready-to-deploy micro-SaaS template.",
            "es": "Plantilla micro-SaaS lista para implementar.",
            "fr": "Mod\u00e8le micro-SaaS pr\u00eat \u00e0 d\u00e9ployer."
        },
        "price": "150.00",
        "filename": "TikTok_Video_Savior.zip",
        "languages": [],
        "category": "SaaS Templates"
    },
    {
        "id": "time_tracker",
        "title": "Time Tracker",
        "description": {
            "en": "Ready-to-deploy micro-SaaS template.",
            "es": "Plantilla micro-SaaS lista para implementar.",
            "fr": "Mod\u00e8le micro-SaaS pr\u00eat \u00e0 d\u00e9ployer."
        },
        "price": "150.00",
        "filename": "Time_Tracker.zip",
        "languages": [],
        "category": "SaaS Templates"
    },
    {
        "id": "tinder_swipe_auto",
        "title": "Tinder Swipe Auto",
        "description": {
            "en": "Ready-to-deploy micro-SaaS template.",
            "es": "Plantilla micro-SaaS lista para implementar.",
            "fr": "Mod\u00e8le micro-SaaS pr\u00eat \u00e0 d\u00e9ployer."
        },
        "price": "150.00",
        "filename": "Tinder_Swipe_Auto.zip",
        "languages": [],
        "category": "SaaS Templates"
    },
    {
        "id": "twitch_chat_moderation",
        "title": "Twitch Chat Moderation",
        "description": {
            "en": "Ready-to-deploy micro-SaaS template.",
            "es": "Plantilla micro-SaaS lista para implementar.",
            "fr": "Mod\u00e8le micro-SaaS pr\u00eat \u00e0 d\u00e9ployer."
        },
        "price": "150.00",
        "filename": "Twitch_Chat_Moderation.zip",
        "languages": [],
        "category": "SaaS Templates"
    },
    {
        "id": "twitter_auto_poster",
        "title": "Twitter Auto Poster",
        "description": {
            "en": "Ready-to-deploy micro-SaaS template.",
            "es": "Plantilla micro-SaaS lista para implementar.",
            "fr": "Mod\u00e8le micro-SaaS pr\u00eat \u00e0 d\u00e9ployer."
        },
        "price": "150.00",
        "filename": "Twitter_Auto_Poster.zip",
        "languages": [],
        "category": "SaaS Templates"
    },
    {
        "id": "twitter_sentiment_scraper",
        "title": "Twitter Sentiment Scraper",
        "description": {
            "en": "Ready-to-deploy micro-SaaS template.",
            "es": "Plantilla micro-SaaS lista para implementar.",
            "fr": "Mod\u00e8le micro-SaaS pr\u00eat \u00e0 d\u00e9ployer."
        },
        "price": "150.00",
        "filename": "Twitter_Sentiment_Scraper.zip",
        "languages": [],
        "category": "SaaS Templates"
    },
    {
        "id": "typing_speed_trainer",
        "title": "Typing Speed Trainer",
        "description": {
            "en": "Ready-to-deploy micro-SaaS template.",
            "es": "Plantilla micro-SaaS lista para implementar.",
            "fr": "Mod\u00e8le micro-SaaS pr\u00eat \u00e0 d\u00e9ployer."
        },
        "price": "150.00",
        "filename": "Typing_Speed_Trainer.zip",
        "languages": [],
        "category": "SaaS Templates"
    },
    {
        "id": "watermark_remover",
        "title": "Watermark Remover",
        "description": {
            "en": "Ready-to-deploy micro-SaaS template.",
            "es": "Plantilla micro-SaaS lista para implementar.",
            "fr": "Mod\u00e8le micro-SaaS pr\u00eat \u00e0 d\u00e9ployer."
        },
        "price": "150.00",
        "filename": "Watermark_Remover.zip",
        "languages": [],
        "category": "SaaS Templates"
    },
    {
        "id": "whatsapp_auto_responder",
        "title": "WhatsApp Auto Responder",
        "description": {
            "en": "Ready-to-deploy micro-SaaS template.",
            "es": "Plantilla micro-SaaS lista para implementar.",
            "fr": "Mod\u00e8le micro-SaaS pr\u00eat \u00e0 d\u00e9ployer."
        },
        "price": "150.00",
        "filename": "WhatsApp_Auto_Responder.zip",
        "languages": [],
        "category": "SaaS Templates"
    },
    {
        "id": "whatsapp_reminder_bot",
        "title": "WhatsApp Reminder Bot",
        "description": {
            "en": "Ready-to-deploy micro-SaaS template.",
            "es": "Plantilla micro-SaaS lista para implementar.",
            "fr": "Mod\u00e8le micro-SaaS pr\u00eat \u00e0 d\u00e9ployer."
        },
        "price": "150.00",
        "filename": "WhatsApp_Reminder_Bot.zip",
        "languages": [],
        "category": "SaaS Templates"
    },
    {
        "id": "wifi_speed_tester",
        "title": "Wifi Speed Tester",
        "description": {
            "en": "Ready-to-deploy micro-SaaS template.",
            "es": "Plantilla micro-SaaS lista para implementar.",
            "fr": "Mod\u00e8le micro-SaaS pr\u00eat \u00e0 d\u00e9ployer."
        },
        "price": "150.00",
        "filename": "Wifi_Speed_Tester.zip",
        "languages": [],
        "category": "SaaS Templates"
    },
    {
        "id": "wordle_clone_solver",
        "title": "Wordle Clone Solver",
        "description": {
            "en": "Ready-to-deploy micro-SaaS template.",
            "es": "Plantilla micro-SaaS lista para implementar.",
            "fr": "Mod\u00e8le micro-SaaS pr\u00eat \u00e0 d\u00e9ployer."
        },
        "price": "150.00",
        "filename": "Wordle_Clone_Solver.zip",
        "languages": [],
        "category": "SaaS Templates"
    },
    {
        "id": "workflow_automation",
        "title": "Workflow Automation",
        "description": {
            "en": "Ready-to-deploy micro-SaaS template.",
            "es": "Plantilla micro-SaaS lista para implementar.",
            "fr": "Mod\u00e8le micro-SaaS pr\u00eat \u00e0 d\u00e9ployer."
        },
        "price": "150.00",
        "filename": "Workflow_Automation.zip",
        "languages": [],
        "category": "SaaS Templates"
    },
    {
        "id": "youtube_comment_bot",
        "title": "YouTube Comment Bot",
        "description": {
            "en": "Ready-to-deploy micro-SaaS template.",
            "es": "Plantilla micro-SaaS lista para implementar.",
            "fr": "Mod\u00e8le micro-SaaS pr\u00eat \u00e0 d\u00e9ployer."
        },
        "price": "150.00",
        "filename": "YouTube_Comment_Bot.zip",
        "languages": [],
        "category": "SaaS Templates"
    }
]